id:ID,tipo,ip,sistema_operativo,confiable,precio
1,telefono,94.154.248.130,iOS,False,257.05
2,telefono,38.34.115.139,iOS,True,884.56
3,computadora,179.19.198.206,macOS,False,574.1
4,tablet,207.104.229.207,iOS,True,827.93
5,telefono,47.251.168.115,Android,False,955.65
6,tablet,26.222.114.196,Android,True,222.16
7,telefono,130.201.141.161,iOS,True,268.43
8,computadora,42.244.27.95,Linux,True,1626.18
9,telefono,122.109.105.83,Android,False,161.94
10,computadora,181.52.42.152,Linux,True,2447.05
11,tablet,2.80.218.216,Android,True,340.37
12,tablet,220.89.35.244,iOS,True,495.5
13,computadora,151.7.100.6,Linux,True,1453.96
14,telefono,116.119.94.223,Android,True,1208.63
15,telefono,54.142.136.186,Android,True,1281.63
16,computadora,180.36.254.173,Linux,False,1554.6
17,tablet,43.159.205.134,Android,True,1057.75
18,computadora,193.7.182.50,macOS,True,1978.27
19,telefono,14.240.147.55,Android,True,1044.48
20,tablet,75.49.107.106,Android,False,179.93
21,tablet,79.57.104.227,Android,True,654.97
22,telefono,160.160.89.53,Android,True,386.13
23,telefono,181.155.41.137,iOS,True,468.72
24,tablet,140.236.1.125,iOS,True,607.66
25,telefono,103.160.26.138,iOS,False,292.47
26,telefono,150.90.190.136,iOS,False,796.91
27,tablet,180.77.244.201,Android,True,1145.23
28,telefono,47.160.183.220,iOS,True,1420.33
29,tablet,75.81.44.152,iOS,True,621.83
30,computadora,217.88.92.193,Windows,True,1594.09
31,computadora,146.171.226.14,Linux,True,1180.07
32,tablet,93.193.86.37,Android,True,1108.99
33,tablet,48.249.231.32,iOS,True,433.81
34,computadora,163.111.58.220,macOS,True,1328.5
35,tablet,60.68.152.190,Android,True,572.89
36,telefono,68.66.167.41,iOS,True,818.33
37,telefono,60.71.5.98,Android,True,476.79
38,computadora,32.200.92.192,macOS,True,2199.46
39,computadora,191.93.147.244,Windows,True,1030.2
40,telefono,43.63.12.8,iOS,True,122.27
41,telefono,5.253.34.59,iOS,True,1243.87
42,computadora,23.204.27.231,Windows,True,1617.13
43,tablet,150.228.245.219,iOS,True,346.54
44,computadora,156.126.143.247,Linux,True,729.1
45,telefono,193.255.26.225,iOS,True,114.62
46,tablet,134.163.63.20,iOS,True,510.27
47,computadora,105.31.48.251,macOS,True,513.53
48,tablet,68.125.101.62,iOS,False,655.51
49,telefono,4.52.217.117,Android,True,222.53
50,tablet,69.21.4.219,iOS,True,370.69
51,telefono,192.51.66.145,Android,True,712.48
52,computadora,76.199.149.33,Windows,True,2291.36
53,computadora,67.61.132.178,Windows,True,2135.99
54,telefono,85.209.169.62,Android,True,696.77
55,tablet,207.110.247.22,iOS,True,719.38
56,computadora,69.74.198.205,Windows,True,1474.16
57,tablet,24.129.50.157,iOS,True,602.96
58,telefono,122.80.23.55,iOS,True,746.35
59,computadora,28.250.246.12,Windows,False,1420.13
60,computadora,30.176.84.7,Windows,True,1080.66
61,tablet,71.144.152.225,iOS,True,997.07
62,telefono,145.237.116.225,iOS,True,201.36
63,computadora,28.128.207.206,Linux,True,1164.11
64,telefono,194.47.29.149,iOS,True,1376.1
65,telefono,55.224.244.239,Android,True,876.15
66,tablet,65.67.92.7,iOS,True,549.31
67,telefono,42.165.4.215,Android,True,1021.59
68,computadora,75.19.187.89,Linux,True,2829.46
69,computadora,85.184.33.65,Linux,True,2220.36
70,computadora,30.57.42.181,macOS,True,1429.52
71,computadora,83.4.32.60,macOS,True,1014.23
72,telefono,51.244.167.143,iOS,True,813.03
73,tablet,204.177.146.118,iOS,True,912.78
74,tablet,173.47.224.110,iOS,True,935.24
75,tablet,32.153.73.187,Android,True,588.28
76,tablet,88.133.80.206,iOS,True,937.3
77,telefono,12.57.80.188,Android,True,717.03
78,computadora,168.49.87.216,Windows,True,457.27
79,computadora,123.169.41.11,Linux,False,512.18
80,computadora,194.168.124.114,Windows,True,1869.43
81,telefono,23.210.48.248,Android,True,592.26
82,telefono,165.205.198.140,iOS,True,63.52
83,computadora,37.132.43.169,Windows,True,2103.13
84,computadora,2.228.201.108,Linux,True,1235.05
85,tablet,192.211.210.97,iOS,True,233.82
86,computadora,31.230.35.182,macOS,False,1163.82
87,computadora,63.39.153.162,Linux,True,1248.43
88,computadora,27.152.93.163,Linux,True,1182.3
89,telefono,99.19.113.31,Android,True,1211.83
90,tablet,16.226.173.240,iOS,True,263.44
91,tablet,101.45.32.90,Android,True,185.59
92,tablet,102.102.214.37,iOS,False,995.74
93,telefono,50.61.99.249,iOS,False,1446.22
94,telefono,212.75.129.8,Android,False,156.86
95,telefono,9.146.77.181,iOS,True,326.07
96,tablet,201.192.213.117,Android,False,310.65
97,tablet,106.113.47.243,iOS,True,1161.45
98,tablet,170.247.206.202,Android,True,1035.32
99,computadora,192.196.158.173,macOS,True,2936.48
100,computadora,5.23.96.180,Linux,True,2759.92
101,telefono,69.236.64.204,iOS,False,763.68
102,tablet,65.156.229.54,Android,False,1170.85
103,computadora,92.215.227.3,Windows,True,1224.31
104,telefono,139.14.31.240,Android,False,308.97
105,computadora,12.42.79.48,Linux,False,2760.86
106,telefono,210.2.4.21,iOS,True,679.62
107,tablet,133.196.226.59,Android,True,1171.26
108,computadora,142.82.224.185,Linux,True,2796.48
109,telefono,118.123.220.111,iOS,True,183.22
110,telefono,82.102.61.98,Android,True,1378.31
111,tablet,59.154.8.74,Android,True,806.29
112,tablet,186.150.118.0,iOS,True,754.46
113,telefono,2.84.42.25,Android,True,1165.36
114,telefono,202.209.21.154,Android,True,1405.17
115,tablet,45.202.27.93,Android,True,483.42
116,tablet,73.243.156.86,Android,True,216.46
117,telefono,18.247.84.231,Android,True,956.99
118,computadora,173.53.243.159,Linux,True,2999.76
119,tablet,74.141.40.201,Android,True,837.35
120,tablet,159.218.46.237,iOS,True,530.98
121,tablet,166.135.81.19,iOS,False,1150.77
122,tablet,75.59.100.21,iOS,True,642.02
123,telefono,222.5.89.227,iOS,False,343.71
124,tablet,154.226.196.10,Android,True,1145.48
125,tablet,61.192.120.208,Android,False,884.28
126,telefono,201.89.246.153,Android,True,1419.4
127,computadora,205.141.186.184,Windows,True,2508.88
128,telefono,215.185.132.198,iOS,True,1082.63
129,computadora,86.1.132.213,Windows,True,1662.01
130,computadora,129.31.218.98,Windows,True,2493.37
131,tablet,18.52.210.243,iOS,True,1088.93
132,telefono,104.7.158.77,iOS,False,1180.64
133,telefono,185.209.34.189,iOS,True,763.74
134,telefono,35.143.192.17,iOS,True,771.96
135,telefono,190.82.119.232,Android,True,639.33
136,computadora,22.90.165.219,Windows,True,638.76
137,telefono,17.165.23.203,iOS,True,362.06
138,telefono,107.157.216.41,iOS,True,1035.04
139,telefono,186.192.60.63,iOS,True,541.52
140,telefono,37.161.110.177,iOS,True,1211.43
141,computadora,133.57.219.128,macOS,True,2073.53
142,telefono,180.62.247.138,Android,True,807.64
143,tablet,70.212.128.118,iOS,True,1193.32
144,computadora,196.123.244.74,Linux,True,1930.65
145,computadora,181.71.34.178,Linux,False,1921.16
146,computadora,131.105.79.82,Linux,True,2350.93
147,telefono,202.236.108.92,Android,True,98.18
148,computadora,60.44.46.203,Linux,True,1812.19
149,telefono,213.11.203.162,Android,False,66.07
150,telefono,11.243.97.37,Android,True,1407.32
151,tablet,163.93.237.90,iOS,True,530.53
152,computadora,27.157.79.104,Windows,False,521.53
153,tablet,60.123.206.53,Android,True,535.43
154,telefono,129.34.143.173,iOS,True,831.22
155,tablet,153.87.214.183,Android,True,688.14
156,telefono,51.253.56.68,Android,False,173.2
157,telefono,128.179.167.198,Android,False,1004.44
158,computadora,167.209.109.253,Linux,True,1614.21
159,computadora,49.45.146.27,Linux,True,1064.05
160,telefono,200.8.196.50,Android,False,333.98
161,tablet,20.234.248.194,Android,False,235.48
162,computadora,156.95.82.88,Windows,True,1104.59
163,tablet,50.189.46.31,Android,True,654.76
164,telefono,105.154.234.81,iOS,True,608.06
165,computadora,130.176.70.21,Linux,True,2792.26
166,computadora,185.117.13.147,macOS,True,2888.57
167,telefono,18.190.27.200,Android,True,1067.39
168,tablet,205.229.157.23,Android,True,123.32
169,telefono,28.176.62.0,Android,True,1486.85
170,telefono,130.53.195.127,Android,True,1331.85
171,computadora,84.228.205.22,macOS,True,2795.23
172,computadora,33.194.136.43,macOS,True,2158.07
173,computadora,148.20.26.238,Windows,True,2029.26
174,computadora,77.174.109.208,macOS,False,1121.28
175,tablet,108.184.15.250,Android,True,1112.31
176,telefono,126.225.49.212,Android,True,978.53
177,tablet,6.36.163.22,iOS,False,1193.39
178,computadora,92.93.37.254,macOS,True,2975.56
179,telefono,10.156.211.228,iOS,True,877.23
180,telefono,102.235.223.43,Android,True,895.23
181,telefono,53.176.227.153,iOS,True,827.28
182,tablet,14.1.180.56,Android,True,714.34
183,computadora,84.150.114.19,Windows,True,2724.64
184,tablet,199.217.8.122,Android,True,897.69
185,computadora,25.130.123.88,macOS,True,1649.57
186,tablet,55.160.93.212,iOS,True,681.65
187,computadora,188.106.98.199,Windows,True,1170.34
188,tablet,188.113.45.144,iOS,True,619.88
189,telefono,86.44.170.32,iOS,True,783.88
190,telefono,168.59.158.80,iOS,True,1029.99
191,tablet,3.200.181.240,iOS,False,684.66
192,computadora,141.70.99.10,Windows,True,1175.31
193,computadora,204.109.107.231,Linux,False,447.15
194,tablet,6.155.167.148,iOS,True,624.3
195,tablet,85.249.121.124,Android,True,581.08
196,tablet,43.66.29.183,Android,True,393.08
197,tablet,213.228.188.143,Android,True,1035.3
198,tablet,29.235.227.78,Android,True,155.4
199,telefono,116.87.224.11,Android,False,98.38
200,computadora,87.111.108.2,macOS,False,818.41
201,tablet,75.96.168.176,iOS,True,287.64
202,tablet,125.180.234.232,Android,True,300.9
203,computadora,162.76.206.213,macOS,True,2967.55
204,tablet,95.8.70.209,iOS,True,1138.17
205,computadora,75.17.90.152,macOS,True,2746.52
206,tablet,82.12.67.136,Android,True,429.93
207,computadora,20.221.57.97,macOS,True,1069.27
208,computadora,157.202.206.122,Linux,True,1365.87
209,tablet,9.75.11.138,iOS,True,189.04
210,tablet,70.13.16.223,Android,True,919.84
211,telefono,41.94.52.227,Android,True,1197.08
212,telefono,120.79.107.191,iOS,True,766.23
213,tablet,52.58.74.222,iOS,True,417.28
214,telefono,64.14.250.120,iOS,True,1347.06
215,telefono,21.201.126.42,iOS,True,1362.43
216,computadora,3.190.41.46,Linux,False,1080.19
217,computadora,171.16.228.218,Windows,True,1215.19
218,telefono,87.71.134.24,Android,True,1349.65
219,tablet,185.227.21.217,Android,True,589.93
220,tablet,22.221.23.46,Android,True,119.85
221,tablet,223.219.146.57,Android,True,450.87
222,computadora,220.145.113.70,Linux,True,2094.02
223,telefono,97.215.52.148,iOS,True,752.41
224,telefono,102.103.233.213,Android,True,775.68
225,telefono,124.63.80.74,Android,True,909.98
226,computadora,13.162.26.199,Linux,True,2705.04
227,tablet,160.169.13.24,iOS,True,310.63
228,tablet,53.14.214.72,iOS,True,1145.03
229,tablet,158.126.168.61,iOS,True,401.06
230,telefono,131.37.58.241,iOS,True,1009.63
231,tablet,65.254.207.133,Android,True,811.67
232,tablet,149.93.113.111,Android,True,1161.44
233,computadora,156.81.7.141,Windows,False,374.06
234,telefono,94.139.58.130,iOS,False,187.53
235,telefono,72.163.96.147,Android,False,180.62
236,computadora,63.214.20.194,Linux,False,2393.49
237,tablet,150.228.123.122,iOS,True,1099.52
238,tablet,30.141.23.125,iOS,True,338.29
239,telefono,214.155.177.157,Android,True,1074.14
240,tablet,106.239.52.156,Android,True,275.54
241,telefono,99.57.161.111,Android,True,679.44
242,tablet,156.27.9.229,Android,True,781.31
243,tablet,34.151.25.191,Android,True,1085.37
244,computadora,33.219.29.35,Linux,True,1331.15
245,tablet,183.83.144.240,Android,True,575.57
246,tablet,182.165.185.49,Android,True,916.8
247,tablet,21.245.205.162,iOS,True,1179.76
248,computadora,195.167.118.150,macOS,True,393.45
249,computadora,40.146.132.163,Windows,False,1946.8
250,telefono,14.156.181.5,Android,True,1327.95
251,computadora,93.21.94.52,Linux,True,745.16
252,telefono,203.227.46.97,iOS,True,1395.72
253,computadora,144.185.50.235,Windows,True,1487.55
254,tablet,35.71.211.104,Android,True,489.13
255,telefono,171.240.80.18,iOS,True,98.17
256,telefono,48.95.142.179,Android,True,1167.7
257,telefono,124.36.204.14,iOS,True,634.97
258,computadora,114.255.57.125,Windows,True,2098.66
259,telefono,135.57.34.215,iOS,True,1208.23
260,telefono,200.215.219.224,Android,True,1365.54
261,telefono,37.52.232.138,iOS,True,1177.66
262,tablet,159.38.142.180,iOS,True,250.82
263,computadora,53.128.64.49,Windows,True,497.59
264,computadora,5.178.53.161,Windows,True,732.02
265,computadora,167.109.59.37,Linux,False,710.13
266,tablet,193.176.159.31,iOS,True,180.64
267,computadora,123.156.98.226,Windows,True,1558.2
268,telefono,181.17.57.199,Android,True,551.97
269,computadora,86.26.21.89,macOS,True,1068.55
270,telefono,188.251.220.176,iOS,True,508.05
271,tablet,178.167.128.215,iOS,True,824.74
272,telefono,64.36.187.152,Android,True,559.62
273,computadora,182.167.109.236,macOS,False,330.4
274,telefono,104.157.241.58,iOS,True,731.89
275,computadora,97.23.93.103,Windows,True,2155.55
276,telefono,74.96.32.217,iOS,True,314.6
277,telefono,146.103.104.124,iOS,True,975.12
278,telefono,108.54.199.211,iOS,True,836.76
279,telefono,25.96.122.98,iOS,True,722.98
280,computadora,156.78.170.132,Windows,True,1359.67
281,computadora,12.21.181.31,Linux,False,718.48
282,tablet,49.167.150.191,iOS,True,488.43
283,telefono,5.79.36.237,iOS,False,664.15
284,computadora,143.24.193.198,Linux,True,2211.63
285,computadora,53.155.33.187,Linux,True,1883.31
286,tablet,182.213.173.200,iOS,False,234.57
287,telefono,182.56.140.46,iOS,True,834.02
288,computadora,129.198.100.170,Windows,False,523.75
289,telefono,145.184.240.190,Android,True,877.2
290,tablet,198.4.171.106,Android,True,979.27
291,computadora,209.186.81.81,Windows,True,2808.25
292,tablet,97.183.85.211,iOS,True,1064.1
293,computadora,190.74.226.68,Linux,True,1298.1
294,tablet,113.56.175.51,iOS,False,163.58
295,telefono,106.170.54.91,Android,True,1455.93
296,tablet,155.27.50.155,Android,True,189.09
297,tablet,95.142.7.176,Android,True,468.91
298,telefono,92.219.21.105,Android,True,340.65
299,computadora,11.7.189.11,Linux,True,1488.03
300,telefono,10.147.51.68,Android,True,1405.58
301,tablet,107.128.138.63,iOS,True,466.35
302,tablet,96.130.228.175,Android,True,668.86
303,tablet,64.202.94.245,Android,True,150.67
304,computadora,142.153.54.108,macOS,False,1720.82
305,computadora,11.227.180.226,macOS,True,613.39
306,tablet,21.132.195.189,iOS,True,885.21
307,computadora,163.33.66.30,Linux,True,2853.85
308,telefono,207.219.135.100,iOS,True,1334.14
309,computadora,45.75.68.104,macOS,True,1349.07
310,telefono,107.168.64.80,iOS,True,923.32
311,computadora,195.93.111.171,Windows,False,1884.11
312,telefono,155.222.172.137,Android,True,442.42
313,telefono,37.139.170.92,Android,True,1227.18
314,telefono,218.244.179.39,Android,True,215.38
315,tablet,55.132.10.60,Android,True,477.64
316,computadora,30.149.189.156,Linux,True,2618.25
317,tablet,113.27.222.37,Android,True,1143.53
318,computadora,52.133.106.26,Linux,True,2941.57
319,telefono,167.50.161.51,iOS,True,1265.5
320,tablet,190.243.220.71,Android,True,513.49
321,telefono,42.76.225.176,iOS,True,922.55
322,telefono,170.171.219.92,iOS,True,827.68
323,tablet,79.67.158.40,Android,True,686.95
324,telefono,138.239.133.235,Android,True,1499.08
325,telefono,41.115.70.67,Android,True,481.73
326,computadora,26.89.103.235,Windows,True,1187.1
327,tablet,200.236.117.58,iOS,True,422.47
328,tablet,183.226.202.160,iOS,True,835.32
329,computadora,64.196.131.250,Windows,True,2531.14
330,tablet,44.138.193.180,iOS,False,169.94
331,computadora,144.193.137.253,Linux,True,2835.35
332,tablet,162.90.231.232,Android,True,606.32
333,telefono,10.143.158.212,iOS,True,824.96
334,telefono,207.252.62.153,iOS,True,476.64
335,telefono,34.6.164.242,iOS,False,161.73
336,computadora,73.123.206.123,Linux,True,864.34
337,computadora,208.137.83.156,Windows,False,548.77
338,computadora,209.253.214.102,macOS,False,794.05
339,tablet,43.19.73.124,iOS,True,1003.91
340,tablet,216.18.205.62,iOS,False,272.82
341,computadora,125.106.80.106,Linux,False,491.82
342,telefono,181.120.127.218,Android,True,1039.84
343,tablet,188.166.237.7,Android,True,1062.4
344,computadora,91.197.177.156,macOS,False,2151.66
345,tablet,28.253.135.217,Android,True,356.87
346,telefono,190.116.36.198,iOS,True,467.63
347,telefono,4.20.130.57,Android,True,1033.89
348,tablet,174.144.81.238,iOS,True,1179.07
349,computadora,159.2.178.180,Linux,True,1188.25
350,tablet,23.23.145.59,iOS,True,672.38
351,computadora,222.102.100.201,Windows,True,868.52
352,computadora,84.1.32.43,Windows,True,980.39
353,telefono,200.20.69.136,Android,True,1210.41
354,telefono,193.231.41.251,Android,False,181.42
355,tablet,154.14.177.145,Android,True,681.58
356,telefono,219.51.58.231,iOS,True,880.98
357,computadora,82.236.82.130,macOS,True,2039.04
358,tablet,89.139.254.57,Android,True,386.1
359,computadora,7.223.246.48,Windows,True,2759.15
360,tablet,175.161.191.184,iOS,True,255.56
361,tablet,34.9.108.239,iOS,False,919.74
362,telefono,161.81.208.238,Android,True,591.77
363,telefono,33.186.175.139,Android,False,567.7
364,computadora,126.220.248.126,Windows,True,1902.53
365,computadora,91.208.103.93,macOS,True,958.27
366,telefono,88.110.206.149,iOS,True,1332.5
367,computadora,202.124.160.160,Linux,True,2743.26
368,telefono,213.145.75.3,iOS,True,1415.56
369,computadora,184.168.66.193,macOS,False,2593.61
370,tablet,216.152.32.106,Android,True,532.5
371,telefono,58.164.178.24,iOS,True,1204.96
372,telefono,110.235.71.55,iOS,True,268.5
373,computadora,168.94.150.254,macOS,True,1359.93
374,computadora,108.210.102.27,Linux,True,422.7
375,computadora,64.42.18.186,Windows,True,1376.66
376,telefono,102.34.249.193,Android,True,1401.53
377,tablet,120.216.95.255,Android,False,132.03
378,telefono,206.27.207.38,Android,True,574.92
379,telefono,189.39.183.80,iOS,True,640.89
380,telefono,169.87.35.202,iOS,False,533.15
381,computadora,102.67.2.202,Linux,True,2672.7
382,tablet,221.90.72.8,iOS,True,359.36
383,tablet,51.159.218.215,Android,True,111.39
384,telefono,6.116.192.46,iOS,False,149.8
385,computadora,154.130.225.241,Linux,True,1339.09
386,telefono,205.153.106.227,iOS,False,207.3
387,telefono,217.98.242.30,Android,True,1433.2
388,tablet,147.122.99.68,Android,False,183.32
389,computadora,42.84.99.148,macOS,False,541.33
390,tablet,58.211.141.8,Android,True,552.88
391,computadora,105.169.162.145,macOS,True,2340.16
392,tablet,178.241.126.128,Android,True,457.21
393,telefono,147.79.226.254,Android,True,474.85
394,computadora,23.15.255.21,macOS,True,2806.62
395,telefono,130.69.247.119,Android,True,641.39
396,computadora,52.46.41.226,Windows,True,2657.43
397,tablet,12.117.181.208,iOS,True,582.56
398,telefono,196.171.183.128,Android,True,575.97
399,tablet,124.186.222.246,Android,True,949.69
400,computadora,223.24.28.202,macOS,True,573.52
401,telefono,51.202.50.182,iOS,True,1105.24
402,computadora,137.246.11.68,Linux,True,1290.62
403,computadora,65.43.124.13,Windows,True,847.91
404,tablet,1.80.48.255,Android,True,783.43
405,tablet,149.22.40.91,iOS,True,1083.44
406,telefono,117.82.155.195,Android,True,1479.94
407,tablet,36.19.78.90,iOS,True,1144.47
408,computadora,222.218.33.28,Windows,True,2768.04
409,telefono,193.186.37.41,Android,True,139.73
410,computadora,169.203.158.104,macOS,False,612.02
411,telefono,101.78.156.181,Android,True,173.54
412,tablet,34.115.60.13,iOS,False,253.5
413,telefono,146.109.11.185,iOS,True,1010.33
414,telefono,55.89.154.250,Android,True,465.46
415,telefono,70.248.0.75,iOS,True,724.41
416,telefono,211.162.96.64,iOS,True,623.85
417,tablet,81.51.122.37,iOS,True,1196.76
418,telefono,111.238.189.182,iOS,True,1201.75
419,telefono,78.169.147.187,Android,False,181.8
420,tablet,175.204.144.111,iOS,True,186.93
421,computadora,179.111.221.44,macOS,True,1753.33
422,computadora,169.222.178.242,Windows,False,371.91
423,tablet,144.72.100.166,Android,False,216.51
424,computadora,42.169.241.1,Windows,True,1688.96
425,computadora,12.196.3.38,Linux,True,1810.07
426,computadora,117.228.66.106,Linux,True,2503.08
427,telefono,100.143.0.137,iOS,False,306.88
428,telefono,129.145.233.229,iOS,True,515.11
429,computadora,68.225.198.170,macOS,True,1419.46
430,tablet,155.162.130.30,Android,True,829.96
431,telefono,96.155.241.4,iOS,True,1135.24
432,computadora,199.4.147.111,Linux,True,2682.57
433,tablet,150.106.193.152,Android,True,200.11
434,tablet,88.2.15.193,iOS,True,1084.3
435,computadora,114.159.161.25,Windows,False,569.99
436,computadora,198.228.76.233,Windows,True,2981.53
437,telefono,34.189.2.233,iOS,True,287.74
438,tablet,141.88.31.151,iOS,True,711.51
439,telefono,142.131.162.25,iOS,True,273.3
440,telefono,126.49.236.98,iOS,True,1210.25
441,tablet,157.209.88.160,iOS,False,735.56
442,tablet,70.45.78.121,Android,True,758.09
443,telefono,188.240.107.85,iOS,False,1049.83
444,telefono,217.86.176.12,iOS,False,160.01
445,computadora,185.14.105.26,Windows,True,948.27
446,computadora,48.208.9.84,macOS,True,1668.67
447,telefono,125.186.100.172,Android,True,269.33
448,telefono,77.156.129.13,Android,True,398.66
449,computadora,212.65.200.114,Linux,True,461.98
450,tablet,62.19.123.21,iOS,True,974.72
451,telefono,217.56.19.122,Android,True,949.68
452,telefono,152.153.231.235,Android,True,612.07
453,computadora,118.140.178.93,Linux,True,908.84
454,computadora,196.18.151.140,Windows,True,2606.6
455,tablet,13.31.162.17,iOS,False,145.32
456,computadora,211.249.159.234,macOS,False,2438.15
457,tablet,142.141.55.35,iOS,True,1167.02
458,tablet,12.236.38.18,iOS,True,727.13
459,tablet,177.98.39.66,iOS,True,778.23
460,computadora,8.72.124.0,macOS,False,572.06
461,tablet,2.138.210.142,iOS,True,566.85
462,telefono,2.0.246.7,Android,False,299.59
463,computadora,43.33.72.238,Windows,True,2301.72
464,tablet,89.146.2.19,iOS,True,488.2
465,tablet,20.75.145.77,iOS,True,316.6
466,tablet,33.30.83.35,iOS,True,213.26
467,tablet,201.158.220.246,Android,False,247.35
468,telefono,116.58.117.37,iOS,False,496.37
469,tablet,1.222.199.135,iOS,False,783.06
470,computadora,56.141.33.109,Windows,False,360.16
471,computadora,81.226.109.251,Linux,True,2184.11
472,computadora,134.149.37.216,Linux,True,1624.99
473,telefono,118.24.211.1,iOS,True,1074.12
474,tablet,54.198.214.201,Android,True,1037.86
475,telefono,134.192.132.60,iOS,True,736.27
476,tablet,75.114.167.133,iOS,True,1063.86
477,tablet,64.49.144.191,iOS,True,807.94
478,tablet,152.102.112.29,iOS,False,621.05
479,telefono,120.2.232.23,Android,True,1243.08
480,computadora,106.208.90.66,macOS,True,1204.64
481,computadora,204.194.86.115,macOS,True,1628.84
482,tablet,116.67.51.213,iOS,True,355.06
483,tablet,211.86.45.96,iOS,False,359.72
484,tablet,29.185.34.110,Android,True,878.7
485,telefono,170.116.166.101,Android,True,1107.17
486,computadora,185.117.149.15,macOS,False,404.48
487,telefono,117.54.167.37,Android,False,625.12
488,telefono,96.65.140.141,iOS,True,1306.21
489,computadora,11.152.43.165,macOS,True,1222.72
490,telefono,184.205.219.121,Android,False,648.91
491,computadora,179.42.127.249,macOS,True,1790.38
492,computadora,33.227.69.130,Windows,False,633.25
493,telefono,196.122.28.13,Android,True,480.8
494,telefono,181.236.239.66,Android,False,56.11
495,computadora,106.146.88.203,Linux,False,348.58
496,computadora,94.169.97.132,macOS,True,422.99
497,computadora,86.33.133.119,Windows,True,891.5
498,telefono,126.26.108.196,iOS,True,1092.14
499,telefono,29.184.165.30,Android,True,991.4
500,telefono,130.107.248.245,Android,False,699.81
501,telefono,147.1.181.234,Android,True,1310.7
502,telefono,132.147.12.178,Android,True,615.38
503,computadora,165.144.140.83,Linux,False,571.42
504,computadora,25.219.230.103,Linux,True,1271.44
505,tablet,17.88.246.98,iOS,True,587.09
506,tablet,56.238.223.72,iOS,True,324.07
507,telefono,219.100.175.86,Android,True,448.7
508,telefono,95.71.19.59,Android,True,1452.08
509,computadora,21.43.128.253,Windows,True,2138.82
510,computadora,57.185.227.74,macOS,False,816.22
511,telefono,66.94.252.137,iOS,True,1469.11
512,tablet,108.25.39.89,Android,True,367.15
513,tablet,20.239.149.39,iOS,True,609.89
514,tablet,129.194.173.79,iOS,True,1008.01
515,tablet,176.134.32.223,Android,False,316.75
516,telefono,130.106.76.209,Android,True,182.85
517,computadora,51.63.64.39,Linux,True,2876.75
518,computadora,36.239.65.93,Windows,True,2250.08
519,telefono,60.232.113.126,Android,True,1434.09
520,tablet,73.126.72.229,iOS,True,798.69
521,tablet,103.240.3.120,Android,True,731.01
522,tablet,153.52.21.188,Android,True,261.0
523,telefono,202.226.102.254,iOS,True,1139.49
524,computadora,29.192.206.90,Linux,True,903.51
525,tablet,194.53.29.36,Android,True,468.37
526,tablet,176.232.50.19,iOS,True,801.6
527,telefono,65.89.27.249,Android,True,361.88
528,computadora,168.84.126.46,macOS,True,2005.88
529,computadora,26.49.88.107,Linux,False,453.53
530,telefono,188.19.232.126,iOS,True,452.08
531,telefono,204.56.26.71,iOS,True,1039.25
532,tablet,23.225.96.30,Android,False,530.93
533,computadora,222.73.214.34,Linux,True,2389.73
534,telefono,67.183.117.245,Android,True,1228.91
535,telefono,60.149.24.30,iOS,True,1444.08
536,telefono,71.193.249.235,Android,True,939.16
537,tablet,49.206.43.53,iOS,True,996.48
538,computadora,1.249.93.184,Linux,True,2605.77
539,tablet,52.17.204.81,Android,True,540.83
540,computadora,37.138.17.220,Windows,True,1227.52
541,telefono,178.102.249.43,Android,True,1243.65
542,computadora,96.40.168.191,macOS,False,1969.33
543,telefono,184.4.99.141,iOS,True,893.03
544,telefono,77.151.80.58,Android,False,484.81
545,computadora,17.142.72.134,Windows,True,2245.66
546,tablet,122.253.79.70,iOS,False,762.84
547,computadora,170.65.108.90,macOS,True,1813.91
548,tablet,146.116.85.205,iOS,True,990.43
549,computadora,102.110.197.187,Windows,True,2444.0
550,telefono,139.61.14.28,iOS,True,565.21
551,telefono,122.235.124.62,Android,True,956.47
552,telefono,103.77.127.229,iOS,True,1428.35
553,telefono,102.136.135.233,iOS,True,330.86
554,computadora,186.138.6.8,macOS,False,2085.06
555,computadora,59.181.63.226,macOS,False,343.5
556,telefono,2.11.221.218,iOS,True,1031.74
557,telefono,201.180.111.83,Android,True,62.99
558,computadora,71.140.87.244,Linux,True,1346.67
559,tablet,50.97.163.212,Android,True,367.35
560,computadora,36.65.182.207,macOS,True,2769.66
561,tablet,37.242.86.185,iOS,True,426.55
562,tablet,88.16.252.246,iOS,False,224.64
563,computadora,189.28.202.245,macOS,True,2068.16
564,telefono,28.166.67.84,Android,False,334.35
565,computadora,27.226.54.81,macOS,False,1701.07
566,tablet,136.143.221.38,iOS,True,668.13
567,tablet,86.45.152.14,Android,True,1146.46
568,computadora,210.196.116.21,Windows,True,2530.9
569,computadora,168.48.136.102,Linux,True,1232.62
570,tablet,81.87.152.183,Android,True,103.27
571,computadora,6.117.67.182,Windows,False,706.76
572,computadora,183.87.221.120,macOS,True,2330.77
573,computadora,96.42.45.88,Windows,True,1048.98
574,tablet,217.246.57.171,iOS,True,435.66
575,tablet,142.222.116.41,iOS,True,739.55
576,telefono,28.214.251.255,iOS,True,1215.54
577,computadora,173.65.149.162,Windows,True,2444.61
578,telefono,183.141.154.74,Android,True,1435.62
579,telefono,47.14.219.119,Android,False,1446.82
580,tablet,130.37.79.84,iOS,False,212.74
581,tablet,187.192.145.189,iOS,False,808.64
582,telefono,88.66.184.252,iOS,True,1253.33
583,telefono,221.75.202.247,iOS,False,292.79
584,computadora,57.234.219.38,Windows,True,1128.0
585,telefono,20.72.26.80,iOS,True,93.82
586,telefono,122.188.120.160,iOS,True,842.16
587,computadora,125.246.232.238,macOS,True,1059.72
588,telefono,11.72.95.16,iOS,True,1414.99
589,computadora,205.243.128.47,Linux,True,312.56
590,telefono,152.0.42.211,Android,True,420.76
591,telefono,113.233.228.38,iOS,True,97.53
592,tablet,187.109.145.79,Android,True,354.55
593,computadora,106.122.90.49,Windows,True,1605.18
594,telefono,94.218.162.131,iOS,True,1400.61
595,telefono,139.77.214.183,Android,True,502.15
596,tablet,140.235.94.94,iOS,True,435.2
597,telefono,170.60.39.213,iOS,True,388.31
598,telefono,158.106.161.194,iOS,True,1240.09
599,telefono,204.30.187.227,iOS,True,927.75
600,tablet,3.173.177.222,Android,True,588.58
601,computadora,55.183.218.142,macOS,True,664.69
602,tablet,151.215.244.216,Android,True,976.16
603,tablet,201.127.191.88,iOS,True,794.96
604,tablet,157.173.241.172,iOS,False,419.75
605,computadora,165.196.235.163,Linux,False,1991.82
606,computadora,10.35.254.55,macOS,True,2566.18
607,computadora,37.211.234.224,macOS,False,1779.78
608,telefono,99.235.202.138,iOS,False,275.88
609,computadora,91.233.93.26,Linux,True,2576.08
610,tablet,103.48.178.187,Android,True,755.61
611,telefono,74.145.209.118,Android,True,894.64
612,telefono,128.48.130.157,Android,True,705.06
613,telefono,124.185.174.60,Android,False,882.36
614,tablet,12.172.90.86,Android,False,257.56
615,computadora,214.76.13.240,Windows,False,2952.61
616,tablet,99.131.226.245,Android,True,551.86
617,tablet,181.192.91.118,iOS,True,1003.73
618,telefono,116.206.145.64,Android,True,490.81
619,computadora,122.21.141.53,macOS,True,2023.56
620,computadora,182.14.70.99,macOS,True,1192.5
621,tablet,59.152.105.223,Android,True,1075.6
622,telefono,175.234.155.4,Android,True,1489.09
623,telefono,184.35.51.253,iOS,True,1068.9
624,computadora,209.50.117.138,Linux,True,1259.06
625,tablet,146.148.113.56,Android,True,311.6
626,telefono,46.220.160.138,Android,True,343.6
627,computadora,134.201.152.95,Linux,True,1150.7
628,tablet,7.234.153.15,Android,True,261.68
629,tablet,17.67.174.13,iOS,True,361.36
630,tablet,206.243.159.137,Android,False,193.37
631,telefono,169.209.20.141,iOS,True,869.29
632,computadora,19.62.217.238,macOS,True,344.64
633,computadora,73.80.20.139,Windows,True,1112.43
634,telefono,96.91.174.44,Android,True,1245.24
635,telefono,94.239.5.13,Android,True,1438.44
636,computadora,166.37.144.117,Windows,True,2214.31
637,tablet,62.159.114.199,iOS,True,835.56
638,telefono,194.201.60.242,iOS,False,127.82
639,telefono,8.133.118.254,Android,True,853.51
640,telefono,162.17.131.220,Android,True,249.46
641,telefono,165.244.9.249,Android,True,1498.99
642,telefono,169.159.1.219,iOS,True,818.68
643,tablet,150.159.73.186,Android,False,810.25
644,telefono,93.6.81.12,Android,False,1406.38
645,computadora,145.198.100.104,macOS,True,2020.51
646,tablet,61.143.200.154,iOS,True,222.3
647,tablet,99.234.146.7,iOS,True,848.49
648,telefono,201.43.182.165,Android,True,1405.37
649,telefono,7.179.248.204,iOS,True,1200.43
650,computadora,50.202.190.204,macOS,False,469.63
651,tablet,207.56.166.232,Android,True,383.97
652,computadora,78.89.118.186,Linux,True,1734.68
653,computadora,90.57.95.203,Linux,True,1042.65
654,telefono,173.199.171.13,Android,True,1286.32
655,telefono,208.47.172.19,iOS,True,303.82
656,telefono,93.83.221.9,Android,True,346.93
657,computadora,109.66.174.52,Windows,True,1699.29
658,computadora,87.190.254.123,macOS,True,1174.61
659,computadora,180.4.211.57,Windows,True,1634.89
660,telefono,164.120.36.158,iOS,True,1221.21
661,tablet,34.194.143.153,Android,True,186.71
662,telefono,133.48.237.202,Android,False,699.47
663,tablet,143.255.161.11,iOS,False,1016.86
664,tablet,204.172.222.29,Android,True,1173.03
665,computadora,62.230.250.26,macOS,True,1434.05
666,tablet,30.197.40.107,Android,False,208.71
667,tablet,205.15.207.142,Android,True,1153.33
668,tablet,183.90.191.227,iOS,True,809.66
669,computadora,179.230.223.202,macOS,True,2505.34
670,telefono,143.58.84.186,iOS,True,1472.92
671,computadora,69.168.132.52,Linux,False,625.31
672,computadora,80.187.43.114,macOS,True,1820.21
673,computadora,128.36.91.121,Windows,True,2344.62
674,tablet,5.164.133.221,Android,True,1144.06
675,computadora,58.44.156.57,macOS,True,2794.29
676,tablet,191.84.130.73,iOS,True,1017.56
677,tablet,107.57.107.172,iOS,True,662.69
678,computadora,114.148.239.118,macOS,True,1748.68
679,telefono,100.128.73.204,iOS,True,654.45
680,telefono,9.210.42.135,iOS,True,1178.09
681,computadora,190.192.52.210,macOS,True,2853.94
682,tablet,157.4.6.67,iOS,True,655.04
683,computadora,78.143.155.52,Windows,True,2051.48
684,tablet,208.0.202.63,iOS,True,529.09
685,tablet,21.119.241.114,iOS,True,518.78
686,tablet,34.238.54.186,Android,False,182.47
687,tablet,213.58.43.151,Android,True,745.35
688,tablet,192.42.6.108,iOS,True,1195.52
689,tablet,80.230.95.63,Android,False,168.38
690,telefono,77.155.127.185,iOS,True,991.5
691,computadora,130.6.30.86,Linux,False,585.34
692,tablet,76.184.36.13,Android,True,306.21
693,computadora,54.19.70.249,Windows,False,761.79
694,tablet,78.2.190.195,iOS,True,1053.67
695,computadora,10.219.63.147,macOS,True,547.35
696,telefono,197.56.173.33,iOS,True,675.12
697,telefono,41.77.174.155,Android,True,989.17
698,computadora,96.42.188.0,Linux,True,1799.52
699,telefono,93.52.165.235,iOS,True,701.42
700,computadora,210.41.117.97,macOS,True,2946.73
701,tablet,13.212.39.91,iOS,False,477.52
702,computadora,66.122.155.19,Linux,True,1177.73
703,telefono,69.114.252.123,Android,True,432.25
704,tablet,31.117.189.134,Android,True,116.62
705,computadora,126.173.161.147,macOS,True,634.76
706,telefono,167.59.251.43,Android,False,50.19
707,telefono,95.195.39.86,iOS,True,966.9
708,computadora,124.164.147.183,macOS,False,701.06
709,telefono,93.76.180.195,iOS,True,476.32
710,computadora,214.103.185.129,Windows,True,2999.48
711,tablet,181.69.238.114,iOS,True,350.51
712,tablet,81.161.175.2,Android,True,911.87
713,telefono,53.58.154.243,iOS,False,241.51
714,telefono,55.238.40.204,iOS,False,1376.72
715,telefono,3.19.37.126,Android,False,310.73
716,tablet,115.160.32.203,Android,True,448.7
717,tablet,129.167.111.157,iOS,True,687.61
718,computadora,6.250.163.163,Windows,True,2517.02
719,telefono,222.140.9.243,Android,True,814.48
720,computadora,55.63.12.230,Windows,True,2481.94
721,telefono,115.147.180.199,Android,True,979.6
722,computadora,35.253.107.210,macOS,True,772.49
723,telefono,4.171.101.189,iOS,True,335.93
724,tablet,105.235.211.160,Android,True,288.11
725,tablet,73.169.47.19,Android,False,1157.17
726,computadora,50.35.163.93,Linux,True,1832.97
727,telefono,65.97.133.51,iOS,True,1090.25
728,telefono,76.115.8.169,iOS,True,1276.75
729,tablet,207.222.239.108,Android,True,1193.72
730,telefono,53.15.1.26,iOS,False,905.31
731,tablet,71.88.59.250,iOS,True,842.74
732,computadora,129.250.167.5,macOS,True,1078.02
733,tablet,147.251.56.176,Android,True,378.73
734,tablet,218.107.95.148,Android,True,225.5
735,telefono,97.127.133.147,iOS,True,940.94
736,tablet,7.4.5.62,Android,True,802.82
737,computadora,162.208.86.154,Linux,True,2023.74
738,computadora,193.91.67.153,Windows,True,947.35
739,telefono,183.219.254.92,iOS,True,1353.84
740,telefono,190.211.41.83,Android,True,681.28
741,tablet,18.228.145.185,iOS,False,218.01
742,tablet,222.122.236.201,iOS,False,252.28
743,telefono,94.44.253.83,iOS,False,489.95
744,computadora,44.45.145.12,Linux,True,2857.31
745,tablet,178.41.214.3,Android,True,739.9
746,telefono,42.117.193.175,iOS,True,1361.15
747,tablet,123.60.199.247,iOS,True,954.57
748,computadora,17.193.237.83,macOS,True,387.66
749,computadora,147.235.89.228,Linux,True,1671.93
750,telefono,186.250.218.52,Android,True,850.23
751,telefono,68.88.5.91,iOS,True,1273.74
752,tablet,214.217.71.223,Android,True,607.1
753,computadora,182.112.230.116,Linux,True,957.26
754,telefono,185.80.12.42,Android,False,1437.52
755,tablet,11.119.103.106,iOS,True,298.64
756,telefono,126.82.63.234,Android,True,1325.02
757,telefono,148.228.2.240,Android,True,1259.25
758,telefono,2.93.94.62,iOS,True,255.06
759,computadora,93.96.108.100,macOS,True,2781.66
760,tablet,192.109.51.191,Android,True,285.39
761,computadora,105.204.19.150,Linux,True,2562.55
762,computadora,80.133.178.130,macOS,False,627.17
763,tablet,157.114.183.221,Android,True,909.99
764,telefono,190.140.237.184,iOS,True,653.27
765,tablet,131.146.118.19,Android,False,196.98
766,tablet,140.192.41.121,iOS,False,119.93
767,computadora,84.86.166.103,Windows,True,1928.42
768,tablet,95.73.188.184,iOS,True,752.61
769,telefono,132.129.93.85,Android,True,303.05
770,computadora,69.169.190.11,Linux,True,321.39
771,computadora,195.64.28.70,macOS,True,1921.05
772,tablet,163.118.202.93,Android,False,617.38
773,tablet,50.169.86.112,iOS,True,903.24
774,tablet,131.189.135.107,Android,True,1035.03
775,tablet,32.87.219.170,iOS,True,481.05
776,telefono,139.145.20.220,iOS,True,705.12
777,telefono,212.121.89.94,iOS,True,1158.85
778,telefono,34.157.216.208,iOS,False,171.28
779,computadora,194.130.124.153,Linux,True,2548.89
780,computadora,78.172.131.168,Windows,True,2678.13
781,tablet,63.44.166.134,Android,True,922.39
782,telefono,82.12.238.20,Android,True,220.81
783,computadora,142.95.216.174,macOS,True,2992.3
784,computadora,214.42.230.222,Linux,True,2961.38
785,tablet,122.157.156.127,iOS,True,631.87
786,computadora,114.184.79.229,Linux,False,399.19
787,tablet,164.226.78.145,iOS,True,327.43
788,tablet,140.18.163.37,Android,False,124.36
789,tablet,139.45.183.100,Android,True,491.49
790,tablet,82.60.43.113,iOS,True,742.52
791,computadora,23.54.214.3,macOS,False,1261.03
792,telefono,87.130.199.143,Android,True,620.12
793,computadora,201.107.29.56,macOS,False,2703.57
794,tablet,141.230.224.235,Android,True,1084.56
795,telefono,32.67.88.210,Android,True,353.61
796,computadora,52.227.15.252,Linux,True,939.39
797,computadora,82.96.217.107,Linux,True,1367.35
798,computadora,115.113.24.12,Windows,False,1438.35
799,computadora,205.19.75.168,Linux,True,2943.6
800,computadora,191.121.200.64,macOS,False,1082.39
801,computadora,55.204.141.74,Linux,True,2150.94
802,telefono,79.82.220.51,Android,True,846.17
803,computadora,118.14.17.57,macOS,True,2957.21
804,computadora,136.60.123.106,macOS,True,2840.6
805,computadora,74.34.41.6,Linux,True,2374.83
806,telefono,26.242.169.236,Android,True,642.04
807,telefono,82.93.76.227,Android,True,847.87
808,tablet,18.226.201.5,Android,True,876.7
809,tablet,189.143.175.158,iOS,False,156.03
810,tablet,69.242.241.216,iOS,True,588.19
811,tablet,138.61.233.63,iOS,True,583.27
812,computadora,63.141.77.14,Linux,True,1590.22
813,telefono,220.161.12.119,Android,True,1317.29
814,computadora,66.102.217.92,macOS,True,1500.12
815,computadora,78.201.203.97,Windows,True,2386.18
816,computadora,54.177.30.35,Linux,True,929.22
817,telefono,171.161.125.75,iOS,True,999.4
818,tablet,220.57.10.133,Android,True,562.49
819,tablet,39.100.204.106,iOS,True,740.51
820,computadora,25.29.106.65,Windows,True,1399.04
821,tablet,209.189.2.221,iOS,True,234.8
822,tablet,8.125.56.123,Android,True,798.52
823,telefono,162.235.178.223,iOS,True,1373.39
824,tablet,124.87.28.3,iOS,True,298.11
825,tablet,99.9.81.245,Android,True,753.51
826,telefono,100.186.44.172,iOS,True,579.68
827,tablet,38.47.169.224,iOS,True,401.75
828,tablet,50.26.149.181,iOS,True,894.53
829,tablet,104.114.144.225,iOS,False,255.18
830,computadora,1.69.187.104,macOS,True,1859.04
831,computadora,111.27.166.35,Windows,False,758.79
832,telefono,217.80.110.27,iOS,True,1157.74
833,computadora,75.131.81.147,Windows,True,1287.48
834,telefono,222.238.96.81,iOS,True,1033.9
835,computadora,31.69.132.162,Linux,False,821.99
836,tablet,213.247.30.128,iOS,False,373.44
837,computadora,202.166.22.174,Windows,True,555.42
838,telefono,165.51.246.81,iOS,True,862.07
839,telefono,112.127.186.53,Android,True,103.43
840,telefono,71.89.209.34,iOS,True,882.32
841,telefono,183.77.25.178,iOS,True,434.88
842,tablet,212.230.45.132,Android,True,962.55
843,telefono,202.174.44.66,iOS,True,1227.05
844,telefono,140.125.80.123,Android,True,564.74
845,tablet,55.29.133.233,iOS,True,1100.67
846,tablet,46.35.123.15,iOS,True,856.22
847,tablet,70.30.244.128,iOS,True,1119.0
848,telefono,107.24.221.80,Android,False,1347.8
849,computadora,42.147.207.206,Windows,True,1385.54
850,telefono,166.23.26.150,Android,False,284.79
851,tablet,210.186.247.224,Android,True,1070.35
852,telefono,92.10.227.132,iOS,True,382.33
853,computadora,182.246.66.116,Linux,True,842.65
854,telefono,102.161.108.252,iOS,True,678.1
855,computadora,6.25.90.130,Linux,True,1827.96
856,telefono,58.8.171.243,Android,False,537.56
857,tablet,206.11.84.57,iOS,True,809.45
858,telefono,13.186.48.162,iOS,True,170.88
859,telefono,124.99.159.110,iOS,True,348.23
860,telefono,51.77.54.71,Android,True,466.47
861,tablet,143.12.20.78,Android,True,561.96
862,computadora,76.14.127.14,Windows,True,2850.46
863,telefono,111.142.188.223,iOS,False,163.64
864,telefono,108.135.142.71,Android,True,359.23
865,telefono,9.76.247.188,iOS,True,894.95
866,tablet,99.142.153.56,Android,False,106.85
867,telefono,217.177.172.42,iOS,True,1178.39
868,telefono,56.48.138.17,Android,False,261.26
869,telefono,90.117.66.135,iOS,False,82.32
870,telefono,182.88.51.122,iOS,False,100.0
871,telefono,121.70.5.2,Android,False,833.7
872,computadora,215.224.250.232,Linux,True,1060.86
873,computadora,117.253.106.66,Windows,True,2264.23
874,tablet,17.218.177.83,Android,True,248.6
875,tablet,89.166.50.3,Android,True,871.15
876,computadora,221.80.147.230,macOS,False,356.35
877,tablet,189.121.21.43,iOS,True,647.14
878,computadora,133.83.70.107,Linux,True,1567.32
879,telefono,78.72.238.133,Android,True,1258.0
880,computadora,146.40.156.16,macOS,False,995.61
881,computadora,151.249.33.77,Windows,True,1999.22
882,tablet,207.199.181.171,Android,True,357.73
883,computadora,37.180.232.247,macOS,True,2727.13
884,computadora,78.112.41.141,Linux,True,2827.34
885,telefono,179.233.162.1,Android,True,925.93
886,telefono,23.50.179.140,Android,False,306.95
887,tablet,15.171.114.102,Android,True,763.51
888,telefono,89.9.125.52,iOS,True,246.66
889,telefono,197.218.120.87,Android,True,431.67
890,tablet,222.54.13.63,iOS,True,1016.5
891,telefono,217.228.156.41,Android,True,1437.41
892,computadora,142.72.76.218,macOS,True,908.68
893,telefono,124.140.114.159,Android,True,516.61
894,tablet,126.1.240.29,iOS,False,239.15
895,tablet,173.223.236.167,Android,True,723.06
896,telefono,9.170.195.58,iOS,True,887.4
897,telefono,80.57.106.184,Android,False,295.88
898,telefono,22.145.138.176,Android,True,635.11
899,telefono,205.74.80.54,iOS,True,1077.19
900,tablet,52.114.233.114,iOS,False,284.22
901,telefono,7.58.164.188,iOS,True,1249.73
902,tablet,101.140.124.62,iOS,True,1181.76
903,computadora,111.199.239.73,Windows,False,492.44
904,tablet,184.27.132.53,Android,True,557.53
905,telefono,165.137.41.0,iOS,True,668.36
906,telefono,42.172.238.85,iOS,False,331.53
907,computadora,113.168.142.17,Linux,True,2438.84
908,telefono,94.51.203.203,Android,True,924.55
909,telefono,81.11.189.157,iOS,True,426.32
910,telefono,5.122.196.125,Android,True,1066.3
911,telefono,182.230.37.140,Android,True,1327.25
912,telefono,104.8.58.85,iOS,True,1189.28
913,telefono,193.231.211.71,iOS,True,690.43
914,telefono,57.0.238.242,iOS,True,376.77
915,telefono,55.44.107.61,iOS,True,997.22
916,computadora,165.116.167.173,Linux,False,1473.58
917,computadora,79.163.50.144,macOS,True,1126.06
918,tablet,92.243.143.243,iOS,False,390.4
919,computadora,49.189.70.59,Windows,False,961.43
920,telefono,166.63.4.14,Android,False,53.56
921,tablet,47.251.152.115,iOS,True,402.19
922,telefono,96.200.81.180,iOS,True,395.6
923,computadora,54.35.116.78,macOS,True,2906.71
924,telefono,166.95.86.105,iOS,True,867.26
925,computadora,186.202.187.236,Linux,True,2302.46
926,computadora,185.90.1.113,Windows,True,1410.99
927,telefono,74.100.179.121,Android,True,1181.33
928,tablet,168.166.11.123,iOS,True,392.51
929,computadora,43.87.159.82,macOS,True,2962.18
930,computadora,172.118.200.1,macOS,True,1586.36
931,computadora,82.176.166.81,Linux,True,1841.87
932,telefono,96.145.195.222,iOS,True,339.56
933,tablet,88.124.188.106,iOS,True,203.32
934,computadora,38.208.131.156,macOS,True,2605.87
935,tablet,171.196.152.41,Android,True,138.16
936,computadora,101.117.110.216,Linux,False,784.27
937,computadora,21.123.50.214,Linux,True,1563.73
938,tablet,215.150.135.102,Android,True,1096.19
939,computadora,95.28.160.70,Windows,True,2574.58
940,computadora,174.209.242.220,Linux,True,1877.03
941,telefono,145.254.112.53,Android,True,1026.69
942,telefono,191.97.62.246,iOS,False,284.0
943,tablet,88.140.50.57,iOS,True,357.58
944,computadora,67.227.154.240,Linux,True,1320.58
945,computadora,4.175.61.234,Linux,True,909.23
946,tablet,186.221.167.205,iOS,True,1188.66
947,tablet,72.236.120.134,iOS,True,895.65
948,tablet,56.39.58.19,Android,True,254.59
949,telefono,75.165.113.213,Android,True,1388.74
950,computadora,126.65.213.3,Windows,True,935.28
951,telefono,27.211.66.35,iOS,True,1202.02
952,telefono,129.30.55.75,iOS,False,223.27
953,computadora,5.83.55.89,Linux,False,474.76
954,telefono,204.25.253.230,iOS,True,366.14
955,computadora,177.240.129.2,Linux,True,312.54
956,telefono,134.150.195.43,iOS,True,137.0
957,computadora,204.192.232.45,macOS,True,1497.37
958,tablet,153.63.236.247,Android,True,476.36
959,telefono,102.224.183.9,Android,True,634.73
960,tablet,182.36.214.79,iOS,True,523.29
961,computadora,204.162.170.55,macOS,True,1580.8
962,telefono,193.10.73.119,Android,True,678.54
963,tablet,68.26.248.74,Android,True,379.91
964,telefono,108.106.195.188,iOS,True,644.14
965,computadora,2.168.75.147,Linux,True,2572.38
966,computadora,134.147.15.5,Windows,False,1693.66
967,telefono,98.199.172.36,iOS,False,1351.19
968,tablet,190.140.74.219,Android,True,1151.59
969,telefono,171.12.127.64,iOS,True,669.58
970,tablet,138.225.199.43,Android,True,407.52
971,telefono,139.95.192.252,Android,False,305.52
972,tablet,179.27.221.63,iOS,True,555.91
973,tablet,163.65.99.213,Android,True,443.9
974,tablet,209.72.121.37,iOS,True,867.63
975,tablet,209.160.123.144,iOS,True,1145.08
976,tablet,142.99.163.212,Android,True,989.49
977,telefono,96.149.35.163,iOS,True,1423.79
978,telefono,198.118.62.41,Android,True,1475.46
979,computadora,138.228.69.213,Windows,False,1398.07
980,tablet,200.98.27.18,Android,False,1169.45
981,tablet,114.239.11.233,iOS,True,1076.94
982,tablet,76.121.57.181,Android,True,859.9
983,computadora,42.132.62.54,Linux,True,1477.9
984,telefono,79.12.25.3,iOS,False,299.68
985,tablet,130.4.79.51,iOS,True,1190.48
986,computadora,141.91.78.56,macOS,False,687.87
987,computadora,196.179.223.96,macOS,True,1041.18
988,telefono,130.29.66.26,Android,True,1025.88
989,telefono,165.155.200.231,Android,True,1132.89
990,tablet,90.108.3.105,Android,False,133.03
991,tablet,168.26.3.23,iOS,True,926.78
992,tablet,141.231.125.87,Android,True,507.28
993,computadora,73.25.11.18,Windows,True,1349.03
994,computadora,142.224.33.57,Windows,False,2447.31
995,tablet,99.86.181.236,Android,False,148.53
996,tablet,59.241.254.155,iOS,False,179.65
997,tablet,4.197.75.228,iOS,True,764.74
998,tablet,103.10.208.124,Android,False,247.74
999,telefono,31.4.236.132,Android,True,368.79
1000,computadora,159.54.203.70,Windows,True,2594.75
1001,tablet,208.221.160.241,Android,True,113.29
1002,tablet,92.77.89.235,iOS,True,941.58
1003,telefono,210.254.130.166,Android,True,805.84
1004,computadora,141.3.151.111,macOS,True,2744.12
1005,tablet,3.78.164.67,iOS,False,163.24
1006,telefono,223.182.95.48,iOS,False,592.94
1007,telefono,117.70.85.219,iOS,True,668.08
1008,computadora,138.96.151.226,Windows,False,473.96
1009,telefono,42.98.113.94,Android,True,1258.71
1010,telefono,147.220.197.69,Android,True,1281.43
1011,telefono,148.87.219.198,iOS,True,1000.25
1012,telefono,189.48.197.240,Android,True,1475.29
1013,computadora,145.187.53.151,Linux,False,1627.17
1014,computadora,27.38.11.231,Linux,True,2392.78
1015,computadora,144.211.88.184,Windows,False,2771.01
1016,telefono,207.11.159.175,iOS,True,738.96
1017,telefono,158.26.41.203,iOS,True,1303.26
1018,computadora,25.174.166.63,macOS,False,2393.69
1019,telefono,178.57.11.230,Android,True,918.46
1020,tablet,187.252.85.53,iOS,True,643.22
1021,tablet,222.26.233.31,iOS,True,1196.45
1022,telefono,16.100.122.179,Android,False,122.39
1023,telefono,105.212.105.227,iOS,True,493.56
1024,telefono,68.91.101.86,iOS,True,751.76
1025,computadora,161.29.228.190,Linux,False,611.89
1026,telefono,98.177.252.234,Android,True,1366.75
1027,computadora,72.103.24.4,macOS,True,1707.59
1028,tablet,170.144.167.137,iOS,True,563.14
1029,tablet,26.20.127.182,Android,False,1075.13
1030,telefono,3.78.249.68,Android,True,151.76
1031,telefono,26.101.59.154,Android,True,731.81
1032,tablet,130.111.0.108,iOS,False,141.89
1033,tablet,98.49.184.150,Android,True,439.78
1034,tablet,11.214.151.228,iOS,True,214.51
1035,telefono,181.20.238.121,Android,True,897.81
1036,tablet,214.92.194.134,iOS,False,157.72
1037,telefono,106.225.193.71,Android,True,522.37
1038,telefono,71.46.213.250,iOS,True,1160.25
1039,tablet,125.196.89.191,Android,True,569.46
1040,telefono,209.186.245.5,Android,True,1065.43
1041,telefono,37.246.251.203,Android,True,1179.36
1042,computadora,82.97.55.198,Windows,True,1977.86
1043,computadora,18.116.130.186,macOS,False,634.78
1044,computadora,175.161.168.112,Windows,True,1899.27
1045,tablet,216.241.208.108,iOS,True,577.8
1046,tablet,135.46.180.228,iOS,True,882.26
1047,computadora,158.15.56.239,macOS,True,2538.94
1048,telefono,207.128.102.174,Android,True,803.7
1049,tablet,117.206.124.87,Android,True,382.3
1050,telefono,141.98.253.144,iOS,False,78.38
1051,computadora,53.70.170.20,Windows,True,2351.81
1052,telefono,220.191.208.103,iOS,True,563.75
1053,computadora,139.93.7.65,macOS,True,1823.93
1054,tablet,221.146.97.69,Android,False,198.39
1055,telefono,25.212.26.176,Android,True,1454.49
1056,computadora,36.248.165.255,Windows,True,668.61
1057,computadora,157.93.206.159,Windows,True,1195.79
1058,computadora,113.30.149.102,Linux,True,2233.71
1059,tablet,107.200.26.135,Android,True,781.49
1060,telefono,126.236.79.95,iOS,True,365.74
1061,telefono,52.243.215.83,iOS,True,1300.17
1062,tablet,212.143.255.39,Android,True,724.81
1063,telefono,33.122.199.49,Android,False,83.34
1064,telefono,146.255.142.111,iOS,True,1366.95
1065,telefono,116.100.27.131,iOS,True,480.57
1066,telefono,114.131.181.185,Android,True,1017.7
1067,telefono,9.95.4.51,Android,True,1203.71
1068,tablet,179.57.34.217,Android,True,705.96
1069,telefono,154.155.2.106,iOS,True,1487.22
1070,tablet,183.164.156.196,Android,False,1082.25
1071,computadora,140.176.142.22,Windows,True,2739.1
1072,computadora,179.218.185.14,Windows,False,1233.36
1073,computadora,27.118.156.60,macOS,True,814.09
1074,computadora,30.145.242.25,Windows,False,468.69
1075,computadora,92.137.170.119,Linux,True,1831.48
1076,telefono,188.174.64.69,iOS,True,696.48
1077,telefono,207.112.64.51,iOS,True,1048.51
1078,tablet,44.128.183.173,iOS,True,484.71
1079,computadora,48.147.84.125,Windows,True,2003.15
1080,telefono,121.56.10.172,Android,False,214.4
1081,computadora,52.157.59.60,Linux,True,1454.89
1082,computadora,63.66.217.220,Linux,True,2648.08
1083,computadora,201.155.193.62,Linux,True,2857.14
1084,telefono,172.63.250.111,Android,True,1008.59
1085,computadora,3.254.157.174,Windows,False,468.49
1086,computadora,148.200.147.211,Linux,True,869.57
1087,tablet,10.4.147.118,Android,True,648.02
1088,computadora,117.62.155.174,macOS,True,1707.33
1089,tablet,170.102.55.46,iOS,True,936.99
1090,telefono,36.7.25.194,Android,True,1432.79
1091,computadora,201.152.227.166,Linux,False,832.25
1092,telefono,218.1.239.212,iOS,True,1189.03
1093,tablet,18.96.51.20,Android,True,258.02
1094,computadora,98.245.200.168,Linux,True,633.02
1095,telefono,119.20.189.244,iOS,True,684.18
1096,tablet,145.39.176.242,Android,False,204.88
1097,tablet,116.115.60.128,iOS,True,477.49
1098,computadora,63.86.199.170,Linux,True,2351.64
1099,computadora,97.26.226.101,Linux,True,1961.34
1100,telefono,176.203.54.57,Android,True,313.38
1101,computadora,199.195.214.92,Linux,True,2803.77
1102,telefono,117.208.190.124,iOS,True,491.18
1103,telefono,181.18.125.139,Android,False,1063.44
1104,tablet,133.32.202.41,iOS,True,724.92
1105,telefono,108.126.2.94,Android,False,816.32
1106,tablet,17.73.55.149,iOS,True,949.61
1107,computadora,169.175.16.208,macOS,True,1513.57
1108,telefono,221.167.143.80,Android,True,1343.14
1109,telefono,84.211.42.13,Android,False,595.72
1110,telefono,56.127.24.87,Android,False,629.78
1111,telefono,36.127.166.6,iOS,True,165.56
1112,tablet,202.57.130.166,Android,True,449.02
1113,tablet,110.42.23.189,Android,True,927.64
1114,tablet,57.156.42.162,Android,True,604.53
1115,computadora,87.171.192.219,Linux,True,2134.39
1116,computadora,3.239.110.126,Linux,True,2452.57
1117,tablet,157.202.126.67,Android,False,295.12
1118,tablet,92.132.220.131,Android,True,1014.52
1119,computadora,149.67.73.14,macOS,True,849.71
1120,tablet,71.246.24.215,iOS,True,205.1
1121,telefono,161.60.24.35,Android,True,607.5
1122,tablet,139.64.161.244,Android,False,1059.77
1123,computadora,41.102.240.213,macOS,True,2657.1
1124,tablet,107.226.127.237,iOS,True,259.84
1125,computadora,7.125.26.121,macOS,True,549.4
1126,tablet,180.33.165.118,iOS,False,212.11
1127,telefono,167.178.107.125,iOS,True,501.23
1128,telefono,34.58.166.56,iOS,True,451.37
1129,telefono,29.99.49.39,Android,True,1459.54
1130,telefono,179.111.224.36,Android,True,1318.66
1131,telefono,54.5.130.152,Android,True,510.27
1132,computadora,156.182.176.77,Linux,True,1347.55
1133,computadora,131.205.166.199,macOS,True,1503.2
1134,tablet,106.93.130.219,iOS,True,551.01
1135,telefono,108.126.228.17,Android,True,609.93
1136,computadora,96.172.93.52,Linux,True,1916.05
1137,telefono,35.183.65.236,iOS,True,409.42
1138,tablet,116.1.225.159,iOS,True,1166.58
1139,tablet,111.94.51.82,Android,True,1152.3
1140,telefono,112.253.119.186,Android,True,696.29
1141,computadora,170.81.236.23,Windows,True,2427.08
1142,tablet,22.31.110.16,iOS,True,671.45
1143,computadora,39.148.148.173,macOS,True,924.0
1144,telefono,143.198.54.82,iOS,True,517.26
1145,tablet,213.40.213.182,iOS,True,1190.95
1146,tablet,43.162.79.52,iOS,True,867.99
1147,telefono,189.150.242.11,Android,True,612.54
1148,telefono,166.188.112.57,iOS,False,116.75
1149,tablet,194.148.195.170,iOS,True,687.7
1150,tablet,133.93.195.27,iOS,False,233.08
1151,tablet,195.24.114.110,Android,True,665.4
1152,telefono,174.235.125.189,iOS,True,919.18
1153,tablet,49.5.15.149,iOS,True,1007.02
1154,telefono,168.35.57.95,Android,True,869.55
1155,tablet,218.145.164.182,Android,True,533.04
1156,telefono,29.249.0.206,Android,True,1251.87
1157,tablet,214.133.74.171,Android,True,760.45
1158,computadora,42.135.205.137,macOS,True,1137.85
1159,telefono,82.128.255.255,Android,True,1185.18
1160,telefono,148.169.124.108,Android,True,109.15
1161,tablet,122.0.94.37,Android,True,985.1
1162,tablet,124.231.213.189,iOS,True,380.65
1163,tablet,213.88.6.160,iOS,True,957.35
1164,telefono,182.198.233.220,iOS,True,1256.69
1165,computadora,103.186.92.222,macOS,True,1017.88
1166,computadora,55.114.160.250,Linux,True,2473.89
1167,telefono,97.194.222.134,Android,False,932.3
1168,computadora,176.62.205.76,Linux,True,2811.47
1169,computadora,164.61.62.204,Windows,True,2892.34
1170,computadora,175.4.199.194,Windows,True,2705.1
1171,telefono,151.86.205.210,Android,True,765.71
1172,telefono,216.97.48.186,Android,False,171.14
1173,tablet,16.49.185.99,iOS,True,1068.73
1174,telefono,112.146.44.100,iOS,True,1416.62
1175,telefono,1.62.71.153,iOS,True,469.79
1176,telefono,37.223.237.219,iOS,True,1440.62
1177,computadora,168.44.111.200,Windows,False,1069.26
1178,computadora,121.115.195.182,macOS,True,1394.74
1179,computadora,217.133.233.128,Linux,True,888.26
1180,telefono,184.226.101.238,iOS,True,547.87
1181,computadora,126.195.208.47,Windows,True,1505.4
1182,computadora,160.164.144.249,Windows,True,529.09
1183,tablet,34.116.69.115,iOS,True,452.45
1184,computadora,100.8.13.8,Linux,True,2415.05
1185,telefono,156.229.104.187,Android,True,594.72
1186,computadora,58.188.217.174,Linux,True,1737.75
1187,computadora,8.174.64.137,Windows,True,1853.21
1188,telefono,48.202.132.65,Android,True,1339.39
1189,telefono,52.4.117.68,Android,False,134.07
1190,telefono,141.154.161.127,Android,True,553.07
1191,tablet,12.204.232.78,iOS,False,641.72
1192,tablet,197.106.118.127,Android,True,641.28
1193,tablet,15.143.26.122,Android,False,226.67
1194,telefono,192.136.183.215,iOS,True,709.87
1195,tablet,132.42.98.151,iOS,True,992.56
1196,tablet,183.139.214.156,iOS,True,498.9
1197,telefono,202.167.161.14,iOS,False,164.38
1198,computadora,99.36.243.114,macOS,True,2128.21
1199,computadora,26.151.30.201,Linux,True,1846.02
1200,tablet,72.54.160.252,iOS,True,1007.45
1201,tablet,152.189.158.254,Android,True,872.47
1202,telefono,49.163.70.154,iOS,True,649.48
1203,computadora,59.224.69.138,macOS,True,1209.1
1204,tablet,204.196.216.53,Android,True,228.89
1205,tablet,135.226.239.219,Android,True,302.92
1206,tablet,167.232.33.250,Android,True,1024.97
1207,computadora,178.50.205.51,Windows,True,576.67
1208,telefono,137.58.190.164,iOS,True,1373.48
1209,telefono,204.178.136.44,Android,True,506.86
1210,tablet,28.178.209.94,Android,True,800.27
1211,computadora,130.241.91.169,macOS,True,1792.75
1212,telefono,161.1.55.47,Android,True,710.33
1213,telefono,21.141.115.68,Android,True,1256.68
1214,computadora,49.177.208.227,Linux,True,797.37
1215,telefono,220.205.64.20,iOS,True,704.62
1216,computadora,20.144.85.98,Linux,True,2672.59
1217,telefono,41.63.118.35,iOS,True,1099.95
1218,computadora,144.168.176.121,Windows,False,709.76
1219,tablet,212.73.71.126,iOS,True,624.31
1220,tablet,150.82.175.40,Android,True,824.69
1221,telefono,188.159.252.159,Android,True,1437.17
1222,computadora,102.27.240.254,Windows,False,634.38
1223,telefono,208.56.23.229,iOS,True,938.58
1224,computadora,40.202.26.108,macOS,True,1416.82
1225,computadora,71.194.95.50,Windows,True,2660.8
1226,computadora,24.24.246.17,Windows,True,2942.84
1227,telefono,130.141.228.125,iOS,True,284.87
1228,computadora,15.23.191.168,Linux,True,1642.91
1229,computadora,136.80.93.142,Windows,True,2428.82
1230,telefono,79.59.76.190,iOS,True,1428.93
1231,tablet,188.164.102.166,iOS,True,244.99
1232,tablet,196.53.113.201,iOS,True,480.54
1233,tablet,73.165.43.229,Android,False,211.58
1234,computadora,81.95.12.166,Linux,True,1702.39
1235,telefono,168.2.19.163,Android,False,291.92
1236,tablet,51.84.207.50,iOS,True,408.83
1237,tablet,16.205.70.104,Android,True,151.8
1238,computadora,136.27.140.168,macOS,True,2763.78
1239,tablet,121.141.81.26,iOS,False,1007.61
1240,telefono,134.117.105.88,iOS,True,1118.95
1241,telefono,101.11.109.182,iOS,False,1249.84
1242,computadora,147.201.179.237,Windows,True,2826.45
1243,telefono,153.42.137.119,Android,True,537.93
1244,tablet,204.79.185.159,iOS,True,1020.0
1245,tablet,91.29.38.193,iOS,False,554.66
1246,computadora,200.182.162.162,Linux,True,1540.86
1247,computadora,11.28.127.128,macOS,True,2539.13
1248,telefono,36.60.177.217,iOS,True,1471.7
1249,telefono,180.76.31.130,Android,True,886.98
1250,telefono,9.80.183.251,iOS,True,368.66
1251,computadora,179.147.125.108,Linux,True,1240.08
1252,computadora,220.102.188.74,Linux,True,834.37
1253,tablet,120.45.199.126,iOS,True,468.96
1254,computadora,48.212.26.0,Linux,True,1676.2
1255,tablet,165.66.22.72,Android,True,1021.18
1256,tablet,21.58.152.9,iOS,True,207.69
1257,telefono,41.105.173.156,Android,True,542.03
1258,tablet,20.75.105.64,Android,True,373.83
1259,telefono,82.14.142.137,Android,True,1216.35
1260,tablet,142.105.142.72,Android,True,599.6
1261,telefono,193.218.30.54,iOS,True,247.21
1262,telefono,141.15.198.190,Android,True,1352.46
1263,tablet,106.124.141.166,iOS,True,1117.7
1264,tablet,6.43.21.0,iOS,True,1077.1
1265,telefono,157.125.239.28,iOS,True,167.77
1266,tablet,119.128.135.0,iOS,True,619.0
1267,tablet,154.248.109.147,Android,True,1154.3
1268,tablet,66.98.155.5,iOS,True,760.95
1269,computadora,194.125.165.97,Linux,False,2033.3
1270,telefono,192.64.46.207,Android,True,1366.06
1271,telefono,103.130.199.248,iOS,True,489.06
1272,telefono,87.133.220.73,iOS,True,820.35
1273,computadora,150.146.187.3,macOS,True,650.52
1274,telefono,210.83.172.82,iOS,True,1301.55
1275,tablet,24.167.108.23,iOS,True,842.66
1276,computadora,111.125.168.151,Windows,False,694.47
1277,telefono,217.63.194.200,Android,False,1462.15
1278,telefono,154.230.153.146,Android,True,137.44
1279,computadora,50.251.249.56,macOS,True,1809.79
1280,telefono,161.200.134.7,iOS,True,744.29
1281,telefono,163.47.218.113,iOS,True,929.83
1282,computadora,54.39.49.112,Windows,True,2758.24
1283,telefono,175.144.76.202,iOS,True,1397.92
1284,tablet,152.167.122.16,Android,True,1048.68
1285,telefono,23.151.50.240,Android,True,284.6
1286,tablet,134.116.147.85,iOS,True,1185.06
1287,telefono,214.164.189.148,iOS,True,812.78
1288,computadora,153.231.8.169,Linux,True,2119.75
1289,computadora,223.25.2.135,Linux,False,2633.7
1290,computadora,19.96.187.133,Linux,True,2389.3
1291,computadora,139.250.49.212,Windows,False,1976.63
1292,telefono,76.59.145.2,iOS,True,514.77
1293,tablet,204.223.181.17,iOS,True,786.3
1294,computadora,6.214.9.151,Linux,True,2776.04
1295,computadora,104.134.85.131,Windows,True,2802.06
1296,tablet,189.187.132.32,Android,False,254.34
1297,computadora,13.158.85.36,Linux,True,1586.92
1298,tablet,200.36.255.188,Android,False,259.77
1299,computadora,26.223.186.196,Linux,True,2907.58
1300,telefono,183.48.179.59,Android,True,620.69
1301,tablet,82.222.79.63,iOS,False,103.4
1302,telefono,40.22.200.127,iOS,True,613.11
1303,telefono,139.199.212.239,Android,False,197.37
1304,tablet,27.60.30.217,Android,True,605.19
1305,computadora,69.148.4.87,Windows,True,1278.09
1306,telefono,143.98.94.251,Android,True,1101.37
1307,computadora,134.109.236.126,Windows,False,477.52
1308,computadora,105.175.163.27,Linux,False,834.23
1309,telefono,120.90.199.124,iOS,True,1014.04
1310,telefono,152.200.12.58,iOS,True,492.67
1311,telefono,89.208.26.125,iOS,True,390.86
1312,telefono,134.127.117.191,iOS,False,58.3
1313,computadora,92.61.235.22,Linux,True,2897.28
1314,telefono,162.86.56.243,iOS,True,1235.17
1315,telefono,11.236.64.61,iOS,True,784.22
1316,tablet,172.182.106.94,Android,True,818.67
1317,computadora,53.0.81.179,macOS,True,1124.98
1318,telefono,160.111.154.85,Android,True,372.23
1319,tablet,134.194.159.194,Android,True,837.04
1320,telefono,207.245.214.36,Android,True,190.66
1321,tablet,76.44.80.165,iOS,True,641.8
1322,computadora,181.15.46.151,macOS,True,2013.52
1323,tablet,64.179.73.142,iOS,True,547.74
1324,computadora,209.13.186.136,macOS,True,1652.14
1325,tablet,29.18.72.35,Android,True,655.1
1326,computadora,170.123.11.51,Windows,True,569.98
1327,tablet,191.248.200.81,Android,True,112.14
1328,tablet,33.246.172.214,Android,True,953.93
1329,tablet,202.159.220.6,iOS,True,377.21
1330,telefono,203.147.88.220,Android,True,218.36
1331,telefono,78.137.107.7,Android,True,1342.9
1332,tablet,216.47.226.79,iOS,True,816.82
1333,tablet,19.172.80.150,iOS,False,225.71
1334,tablet,117.86.84.51,Android,False,291.19
1335,telefono,160.235.150.134,iOS,True,882.14
1336,tablet,210.234.83.247,Android,True,558.13
1337,computadora,150.216.34.88,Linux,False,426.49
1338,tablet,3.125.98.152,iOS,True,698.39
1339,tablet,164.229.220.196,Android,True,361.27
1340,computadora,217.112.136.37,Windows,False,617.92
1341,tablet,183.56.36.37,Android,False,113.7
1342,computadora,78.47.77.35,Linux,True,1500.64
1343,telefono,146.2.5.113,iOS,True,863.64
1344,computadora,6.173.175.210,macOS,True,1427.46
1345,computadora,183.61.65.132,Windows,True,345.89
1346,telefono,124.180.174.109,iOS,True,1029.78
1347,telefono,28.81.190.199,Android,True,605.09
1348,telefono,164.50.102.136,iOS,True,185.47
1349,telefono,17.191.130.250,iOS,False,171.37
1350,tablet,14.189.11.218,iOS,False,425.57
1351,computadora,73.249.223.114,Windows,True,1288.7
1352,tablet,67.173.221.1,iOS,False,220.46
1353,computadora,123.143.155.135,Windows,True,1168.52
1354,computadora,152.55.61.199,macOS,True,2682.04
1355,computadora,190.88.239.96,Linux,True,2530.51
1356,telefono,168.140.30.127,Android,True,577.55
1357,telefono,179.104.26.31,iOS,True,1361.15
1358,telefono,109.82.67.52,Android,True,1276.06
1359,computadora,21.68.76.207,Linux,False,825.08
1360,computadora,46.59.96.99,Windows,True,439.92
1361,computadora,199.0.195.245,macOS,True,2361.96
1362,tablet,108.211.235.138,iOS,False,247.59
1363,computadora,11.83.209.173,Linux,True,2617.49
1364,tablet,3.173.201.124,Android,True,360.24
1365,tablet,121.28.141.137,Android,True,976.85
1366,computadora,202.201.88.141,macOS,False,2391.82
1367,telefono,166.83.206.77,Android,True,1214.21
1368,tablet,163.70.39.101,iOS,True,357.44
1369,telefono,123.223.4.56,iOS,True,956.84
1370,tablet,148.27.176.128,iOS,False,607.9
1371,tablet,130.246.218.28,Android,True,997.46
1372,computadora,194.179.219.76,Linux,True,1626.81
1373,telefono,59.77.142.246,Android,True,1282.71
1374,computadora,85.37.7.211,Windows,True,2136.09
1375,tablet,29.231.29.201,Android,True,587.75
1376,telefono,166.175.59.79,Android,True,1251.03
1377,telefono,112.238.226.127,Android,True,814.24
1378,telefono,113.111.14.56,Android,False,85.44
1379,telefono,199.48.126.142,iOS,True,1284.88
1380,telefono,2.175.77.66,iOS,True,1229.19
1381,tablet,153.59.252.138,iOS,True,1184.59
1382,tablet,13.166.60.182,iOS,True,755.0
1383,tablet,33.231.84.114,iOS,True,1047.4
1384,tablet,193.255.142.48,iOS,True,655.41
1385,telefono,191.85.143.39,iOS,True,1048.81
1386,computadora,85.177.83.198,macOS,True,2006.86
1387,tablet,153.174.234.27,Android,False,1198.47
1388,computadora,153.10.5.204,Linux,True,2404.46
1389,telefono,189.179.200.182,Android,True,1299.25
1390,tablet,145.75.39.111,iOS,True,847.8
1391,telefono,161.185.155.176,iOS,True,1045.33
1392,tablet,169.180.209.255,Android,True,441.9
1393,telefono,41.186.108.185,iOS,True,118.1
1394,tablet,32.243.135.166,iOS,True,463.09
1395,telefono,149.251.234.56,Android,False,232.13
1396,tablet,213.99.18.57,iOS,True,1034.88
1397,telefono,134.98.103.221,Android,True,965.12
1398,telefono,81.110.221.211,Android,True,595.03
1399,computadora,19.157.15.38,Windows,True,464.66
1400,tablet,42.185.162.147,Android,False,229.84
1401,computadora,82.71.33.126,Linux,False,464.95
1402,tablet,32.170.201.229,Android,False,186.75
1403,tablet,104.83.1.198,Android,False,1165.24
1404,telefono,116.223.102.117,iOS,True,1016.26
1405,telefono,113.113.134.204,Android,True,410.61
1406,telefono,112.237.139.177,iOS,True,608.19
1407,computadora,155.70.190.195,Linux,True,1588.22
1408,tablet,145.201.200.182,iOS,True,1025.34
1409,tablet,82.62.94.5,iOS,True,893.44
1410,computadora,188.255.79.108,Windows,True,1895.19
1411,tablet,84.82.197.201,Android,True,969.73
1412,tablet,52.193.88.88,Android,True,1005.22
1413,tablet,5.176.9.209,iOS,True,1013.53
1414,tablet,59.96.234.132,Android,True,453.4
1415,tablet,10.157.0.33,iOS,True,986.16
1416,computadora,56.222.165.78,macOS,True,868.94
1417,computadora,46.79.119.178,Windows,True,1341.63
1418,tablet,173.226.33.201,Android,True,317.35
1419,tablet,88.70.139.197,iOS,True,741.71
1420,telefono,163.63.53.180,iOS,True,459.61
1421,tablet,20.145.14.143,iOS,False,776.2
1422,computadora,25.89.232.81,Linux,True,2774.78
1423,telefono,99.141.238.183,Android,True,822.03
1424,telefono,135.255.82.130,Android,True,1034.72
1425,telefono,126.137.28.229,Android,False,316.88
1426,tablet,180.229.91.130,iOS,False,148.85
1427,telefono,68.169.160.143,Android,True,1275.78
1428,tablet,17.239.3.93,iOS,True,488.38
1429,telefono,95.232.15.72,Android,True,468.81
1430,tablet,164.69.47.108,iOS,True,993.39
1431,computadora,36.89.245.112,Linux,True,416.56
1432,computadora,97.241.118.154,Linux,True,412.37
1433,tablet,63.219.18.219,Android,True,1071.34
1434,tablet,147.203.5.50,iOS,True,878.03
1435,telefono,16.74.65.86,Android,True,93.2
1436,computadora,73.167.54.125,Windows,True,907.63
1437,telefono,148.89.180.71,Android,True,1226.49
1438,telefono,15.23.153.100,iOS,True,1397.13
1439,tablet,6.149.98.13,iOS,True,652.48
1440,telefono,121.158.199.246,Android,True,1187.84
1441,tablet,199.108.182.154,Android,True,374.36
1442,telefono,182.27.101.133,Android,True,1263.98
1443,computadora,203.154.156.149,macOS,True,2215.26
1444,computadora,56.124.45.30,macOS,True,2037.53
1445,computadora,139.113.50.88,Linux,True,877.44
1446,computadora,133.115.253.92,Linux,True,1089.71
1447,tablet,98.104.16.26,Android,True,555.78
1448,tablet,93.132.73.41,iOS,False,474.58
1449,tablet,212.135.166.15,Android,True,270.22
1450,telefono,182.77.254.89,Android,True,1243.49
1451,computadora,121.8.242.230,Linux,True,1800.84
1452,computadora,91.156.87.64,Linux,False,680.04
1453,telefono,203.213.229.111,iOS,False,569.8
1454,tablet,163.195.199.42,Android,True,791.98
1455,telefono,55.40.132.198,Android,True,424.1
1456,telefono,72.46.3.3,iOS,False,249.44
1457,computadora,64.217.56.151,Windows,True,1184.13
1458,computadora,56.212.249.244,Linux,False,1891.9
1459,tablet,185.237.172.236,Android,False,213.74
1460,computadora,150.228.71.148,macOS,True,2579.96
1461,telefono,91.221.123.11,iOS,True,857.46
1462,computadora,47.84.11.82,Linux,True,1306.9
1463,tablet,134.24.178.49,iOS,True,354.47
1464,computadora,59.76.31.245,Linux,True,2693.86
1465,telefono,176.8.137.243,Android,True,1386.62
1466,computadora,181.129.143.143,macOS,True,1015.21
1467,computadora,59.127.8.57,Windows,True,1439.67
1468,telefono,138.248.115.179,Android,True,931.83
1469,telefono,63.199.41.198,iOS,True,565.63
1470,tablet,191.135.218.36,iOS,True,502.88
1471,telefono,202.212.61.10,Android,True,920.7
1472,tablet,103.85.134.233,Android,False,198.92
1473,computadora,192.135.231.61,Windows,True,2937.67
1474,telefono,30.108.26.18,Android,False,598.98
1475,tablet,61.160.60.218,Android,True,350.16
1476,telefono,96.134.155.143,iOS,False,298.74
1477,computadora,79.232.176.167,Windows,True,1607.47
1478,tablet,188.161.56.99,iOS,True,636.83
1479,computadora,165.62.115.168,Windows,True,844.45
1480,tablet,27.193.140.98,Android,True,372.97
1481,telefono,184.81.59.71,Android,True,563.06
1482,computadora,68.26.168.78,Windows,False,311.6
1483,tablet,205.30.168.171,Android,False,663.54
1484,tablet,23.160.156.73,Android,True,531.49
1485,tablet,64.173.151.247,iOS,True,325.82
1486,computadora,187.131.199.106,Linux,True,2105.43
1487,computadora,135.174.221.239,Windows,True,989.68
1488,computadora,184.200.239.44,Windows,False,472.57
1489,tablet,182.230.57.112,Android,True,1159.57
1490,telefono,207.20.223.235,iOS,True,1176.87
1491,telefono,23.38.35.61,Android,True,813.63
1492,telefono,101.248.129.38,Android,True,497.56
1493,computadora,64.42.229.114,Windows,True,2716.85
1494,telefono,78.211.9.158,Android,True,1253.31
1495,telefono,198.130.12.158,Android,True,1207.03
1496,telefono,78.94.121.216,Android,True,577.12
1497,computadora,140.8.145.191,macOS,True,1643.43
1498,computadora,204.109.236.30,Linux,True,1205.95
1499,telefono,8.120.178.98,iOS,True,1155.14
1500,telefono,118.200.99.38,Android,True,537.53
1501,telefono,177.136.149.177,iOS,True,93.96
1502,telefono,194.150.238.176,Android,True,1443.92
1503,computadora,162.99.188.85,macOS,True,1251.31
1504,computadora,4.89.231.176,Windows,True,853.0
1505,telefono,110.162.108.252,Android,True,791.0
1506,computadora,207.209.40.252,Linux,True,2180.04
1507,tablet,179.199.1.1,iOS,True,269.64
1508,telefono,12.72.57.122,Android,True,954.52
1509,tablet,17.127.176.99,iOS,True,506.46
1510,telefono,70.14.164.176,iOS,True,821.05
1511,computadora,16.145.131.181,macOS,True,2981.49
1512,computadora,155.126.245.200,macOS,True,2464.9
1513,telefono,162.148.53.217,Android,True,1060.57
1514,tablet,14.93.69.107,iOS,True,742.07
1515,computadora,30.233.26.152,Windows,True,2374.13
1516,computadora,88.65.128.160,Windows,True,2124.37
1517,computadora,23.238.185.171,Windows,False,1406.52
1518,computadora,19.197.158.185,Windows,True,1545.42
1519,telefono,106.144.173.115,iOS,True,773.85
1520,telefono,41.243.255.160,Android,True,715.8
1521,telefono,56.181.55.194,Android,False,176.28
1522,computadora,33.18.158.78,Linux,False,943.58
1523,telefono,78.254.179.90,Android,True,1474.93
1524,telefono,218.70.177.113,iOS,True,178.78
1525,telefono,206.51.218.104,Android,True,615.17
1526,telefono,99.143.171.193,Android,True,200.01
1527,computadora,110.150.60.111,Linux,True,1019.93
1528,computadora,56.43.85.89,macOS,True,1456.75
1529,computadora,87.128.102.67,Linux,True,2113.3
1530,computadora,16.56.24.18,Windows,True,2425.19
1531,computadora,143.199.33.151,Windows,True,1102.6
1532,telefono,8.198.211.187,iOS,True,843.67
1533,computadora,162.109.4.163,Linux,True,865.44
1534,telefono,93.152.189.213,Android,True,1245.13
1535,tablet,62.33.39.178,Android,False,301.65
1536,computadora,128.31.133.230,macOS,True,2561.45
1537,tablet,165.204.49.19,Android,False,552.58
1538,computadora,121.64.255.209,Linux,True,2484.2
1539,tablet,136.24.61.42,iOS,True,632.81
1540,computadora,10.165.153.215,macOS,True,1352.13
1541,telefono,218.109.98.99,iOS,True,983.78
1542,tablet,90.146.103.217,Android,False,743.76
1543,computadora,122.204.167.20,macOS,True,1581.17
1544,computadora,25.154.134.181,macOS,True,1583.58
1545,telefono,169.247.198.245,iOS,True,455.11
1546,telefono,210.156.213.9,iOS,True,906.36
1547,tablet,206.93.19.78,Android,True,879.78
1548,tablet,181.73.253.224,Android,True,486.9
1549,computadora,167.93.45.60,macOS,True,1606.57
1550,tablet,111.126.245.132,iOS,True,984.39
1551,computadora,27.179.124.79,Windows,False,1941.97
1552,tablet,119.74.212.25,iOS,True,676.32
1553,computadora,194.108.155.75,Windows,True,1033.74
1554,tablet,197.36.233.145,Android,False,522.87
1555,tablet,121.53.133.40,Android,True,866.84
1556,tablet,34.241.70.43,Android,True,1064.5
1557,computadora,51.99.202.145,Windows,True,2399.87
1558,computadora,137.14.145.90,Windows,True,1528.25
1559,computadora,53.224.163.199,macOS,True,1247.46
1560,telefono,214.103.95.0,Android,True,647.19
1561,computadora,160.97.237.144,Windows,False,430.02
1562,computadora,49.65.173.171,macOS,False,493.49
1563,tablet,61.210.146.119,iOS,True,193.06
1564,computadora,94.15.192.133,Linux,True,2525.21
1565,computadora,37.128.90.138,Windows,True,1458.03
1566,computadora,5.59.90.166,Windows,False,773.76
1567,tablet,9.170.221.250,iOS,True,1084.21
1568,computadora,223.184.75.80,Windows,True,2688.83
1569,tablet,176.206.61.14,Android,True,844.07
1570,tablet,70.120.175.151,Android,False,260.37
1571,telefono,159.75.237.144,Android,True,1112.28
1572,computadora,148.224.146.153,Windows,False,1579.18
1573,computadora,63.53.146.237,Windows,True,1764.0
1574,computadora,99.253.85.25,Windows,False,631.15
1575,computadora,167.179.49.240,macOS,True,312.96
1576,tablet,65.117.69.69,iOS,True,877.58
1577,computadora,25.189.43.100,macOS,True,1214.73
1578,telefono,194.81.192.147,iOS,False,313.51
1579,telefono,39.82.53.91,Android,True,793.09
1580,telefono,63.43.83.43,Android,True,192.85
1581,computadora,132.53.157.191,macOS,True,1444.14
1582,telefono,114.35.201.201,iOS,True,1075.71
1583,computadora,14.242.47.66,Windows,False,630.53
1584,tablet,188.115.230.61,iOS,True,335.0
1585,telefono,138.247.44.207,Android,True,497.87
1586,tablet,26.178.20.162,Android,True,938.99
1587,computadora,186.197.128.84,macOS,True,1807.69
1588,tablet,56.37.190.210,iOS,False,124.7
1589,tablet,146.226.165.76,Android,True,303.58
1590,tablet,166.206.206.234,Android,True,353.15
1591,telefono,215.12.96.57,iOS,True,651.93
1592,computadora,59.218.197.182,Linux,True,2839.98
1593,telefono,125.153.248.4,Android,True,547.98
1594,computadora,201.57.41.76,Linux,True,1883.41
1595,computadora,45.41.114.15,Linux,True,1311.88
1596,tablet,3.0.119.29,Android,True,721.72
1597,telefono,166.172.193.235,iOS,False,1235.6
1598,computadora,63.196.247.52,Linux,True,2300.28
1599,telefono,147.94.27.137,iOS,True,709.9
1600,computadora,2.102.245.114,Linux,True,1116.69
1601,tablet,190.149.229.66,iOS,True,330.54
1602,telefono,216.68.17.153,Android,True,841.58
1603,tablet,15.220.252.9,Android,False,220.58
1604,telefono,98.122.165.31,Android,True,1139.72
1605,tablet,134.35.246.191,Android,True,789.23
1606,tablet,56.244.200.128,Android,True,918.25
1607,telefono,172.125.252.99,Android,True,752.26
1608,tablet,134.204.82.201,iOS,False,180.71
1609,tablet,173.126.129.106,Android,True,1157.26
1610,telefono,90.51.35.83,iOS,True,546.5
1611,tablet,81.80.23.136,iOS,True,764.24
1612,telefono,192.10.120.58,iOS,False,61.49
1613,computadora,137.122.178.82,Linux,True,723.37
1614,tablet,67.150.216.160,iOS,True,880.86
1615,telefono,147.116.13.226,iOS,True,819.29
1616,computadora,33.43.95.15,Windows,True,1123.64
1617,telefono,92.214.211.126,iOS,True,1179.44
1618,telefono,105.44.13.60,iOS,False,169.6
1619,tablet,203.2.3.139,iOS,False,191.47
1620,computadora,81.50.29.127,macOS,False,2637.98
1621,tablet,92.119.3.189,Android,True,1045.72
1622,telefono,64.135.158.221,iOS,True,1411.94
1623,computadora,34.2.95.124,macOS,False,2273.21
1624,computadora,58.150.239.178,macOS,True,986.32
1625,computadora,74.209.228.247,Windows,True,2636.39
1626,tablet,120.168.217.74,iOS,True,842.75
1627,telefono,156.222.236.115,Android,True,1055.2
1628,telefono,54.168.247.177,iOS,False,1384.24
1629,computadora,196.61.196.181,Windows,True,1126.52
1630,computadora,184.161.35.124,Linux,True,1800.58
1631,tablet,155.245.48.148,iOS,True,588.93
1632,telefono,62.252.89.125,Android,True,342.81
1633,tablet,65.185.113.65,Android,True,1012.65
1634,telefono,76.96.217.138,Android,True,878.12
1635,computadora,172.76.133.33,macOS,True,1970.9
1636,computadora,148.85.109.124,Linux,True,1818.39
1637,telefono,120.253.149.95,Android,False,1450.96
1638,computadora,26.255.192.38,Linux,True,1065.77
1639,tablet,163.243.38.49,Android,True,558.22
1640,telefono,175.122.239.26,Android,True,451.12
1641,computadora,189.30.163.154,macOS,True,2475.11
1642,computadora,60.152.242.230,Linux,True,1580.68
1643,computadora,107.51.1.217,Windows,True,1433.68
1644,telefono,170.247.202.70,Android,True,603.17
1645,tablet,92.133.11.109,iOS,True,1054.01
1646,telefono,95.34.14.147,Android,True,749.92
1647,tablet,112.27.93.27,iOS,True,1121.66
1648,telefono,109.216.199.55,Android,True,511.43
1649,tablet,88.187.158.99,iOS,True,380.84
1650,telefono,40.111.229.35,iOS,True,254.41
1651,telefono,2.14.91.156,iOS,True,1073.07
1652,tablet,123.89.3.167,iOS,True,272.92
1653,computadora,179.15.226.218,Linux,False,1061.66
1654,telefono,79.174.232.138,iOS,True,952.74
1655,tablet,75.175.169.31,iOS,True,198.45
1656,computadora,72.195.68.66,Linux,True,1748.38
1657,tablet,9.232.173.2,Android,True,395.12
1658,tablet,34.242.149.95,iOS,False,751.89
1659,telefono,58.131.162.232,Android,False,116.21
1660,telefono,101.73.11.121,iOS,True,786.13
1661,telefono,49.32.93.6,iOS,True,427.49
1662,computadora,199.99.96.9,Linux,True,2870.5
1663,computadora,138.153.173.5,Windows,True,1381.08
1664,computadora,105.234.126.0,Linux,True,934.44
1665,tablet,148.251.83.149,iOS,True,999.09
1666,computadora,128.245.206.105,macOS,True,2649.27
1667,telefono,168.48.199.36,iOS,True,998.11
1668,tablet,111.2.220.56,iOS,True,1036.37
1669,computadora,212.253.114.16,macOS,True,2139.76
1670,computadora,35.15.247.143,Linux,True,391.44
1671,computadora,124.20.28.118,macOS,True,434.99
1672,computadora,164.178.231.32,Windows,True,434.56
1673,telefono,172.2.174.113,Android,True,623.68
1674,computadora,17.230.178.97,Windows,True,1647.68
1675,tablet,126.165.167.201,iOS,True,1009.87
1676,tablet,91.119.203.117,Android,True,408.9
1677,computadora,91.4.30.201,Windows,False,1720.37
1678,tablet,179.180.126.12,Android,True,862.38
1679,telefono,145.82.16.245,iOS,True,982.91
1680,tablet,92.198.194.117,Android,False,1094.04
1681,telefono,190.168.38.199,Android,False,259.48
1682,computadora,176.161.205.3,Linux,True,2717.99
1683,telefono,81.177.58.93,iOS,True,422.12
1684,tablet,169.43.88.97,Android,True,362.12
1685,telefono,93.24.169.108,Android,True,659.88
1686,computadora,7.136.204.193,macOS,False,425.52
1687,tablet,38.234.85.47,Android,False,181.32
1688,tablet,97.208.12.230,Android,True,534.48
1689,telefono,123.28.177.219,iOS,True,1032.6
1690,computadora,92.61.19.39,macOS,True,2429.37
1691,tablet,135.144.54.248,Android,False,132.12
1692,computadora,86.19.2.127,macOS,True,1634.6
1693,tablet,198.188.206.42,Android,True,105.34
1694,tablet,183.98.98.194,Android,True,915.04
1695,tablet,201.120.29.95,iOS,True,613.04
1696,computadora,67.72.72.93,macOS,True,427.13
1697,computadora,125.1.53.225,Linux,True,2744.64
1698,tablet,48.219.34.4,iOS,True,141.9
1699,computadora,129.178.113.233,Linux,True,2811.91
1700,computadora,102.164.75.234,Windows,False,340.37
1701,telefono,217.16.37.37,Android,True,1083.79
1702,computadora,192.50.181.138,Windows,True,2743.05
1703,telefono,75.192.243.29,iOS,True,1450.96
1704,telefono,40.39.54.23,Android,False,677.57
1705,computadora,215.112.35.173,Linux,False,579.09
1706,computadora,110.106.119.3,Linux,True,2593.78
1707,telefono,122.62.49.237,Android,True,487.63
1708,tablet,108.41.70.94,iOS,True,469.82
1709,computadora,78.180.226.89,Linux,True,305.55
1710,telefono,19.123.62.70,Android,True,152.5
1711,telefono,60.22.185.124,iOS,True,919.83
1712,computadora,57.250.81.6,macOS,True,2400.19
1713,computadora,42.250.228.31,Windows,False,2725.87
1714,telefono,73.95.127.121,Android,True,1337.9
1715,telefono,50.63.166.48,Android,True,601.5
1716,tablet,57.20.202.21,iOS,True,992.8
1717,telefono,77.223.195.48,Android,True,998.12
1718,computadora,165.4.42.29,macOS,True,1525.04
1719,computadora,56.55.148.235,macOS,True,2938.06
1720,computadora,99.164.46.97,Windows,True,2007.74
1721,tablet,147.195.209.119,Android,True,966.16
1722,tablet,47.197.225.85,Android,True,114.17
1723,computadora,153.35.250.156,macOS,True,525.06
1724,tablet,105.94.134.94,Android,True,402.82
1725,computadora,223.191.86.122,Linux,False,880.78
1726,computadora,131.185.70.194,macOS,True,2241.42
1727,tablet,155.219.91.226,Android,True,863.02
1728,telefono,86.228.62.197,iOS,True,392.16
1729,computadora,216.159.21.6,Windows,True,1592.13
1730,computadora,117.111.158.228,Windows,False,562.29
1731,computadora,93.237.36.129,macOS,True,2278.88
1732,telefono,210.45.19.59,iOS,True,1354.74
1733,telefono,183.6.200.168,Android,True,1307.45
1734,telefono,22.218.151.255,Android,False,1061.96
1735,telefono,91.222.70.242,Android,True,776.79
1736,tablet,52.40.202.93,iOS,True,895.69
1737,tablet,189.169.101.136,Android,True,1019.39
1738,computadora,109.178.224.146,macOS,True,1705.79
1739,tablet,10.196.232.234,Android,True,1034.31
1740,tablet,1.197.236.181,iOS,True,581.07
1741,computadora,135.73.120.196,Windows,True,2956.59
1742,computadora,180.255.137.143,Linux,True,1137.44
1743,telefono,133.172.72.20,iOS,True,943.43
1744,tablet,96.69.240.251,iOS,True,551.27
1745,computadora,213.125.226.184,Linux,False,650.93
1746,telefono,29.9.205.252,iOS,True,552.54
1747,telefono,198.252.197.46,Android,True,52.18
1748,computadora,117.192.208.2,Linux,True,1901.18
1749,tablet,52.2.73.0,Android,True,104.67
1750,telefono,44.90.237.47,Android,True,64.99
1751,telefono,83.64.100.176,iOS,False,153.62
1752,computadora,141.233.200.119,Windows,False,1339.78
1753,tablet,2.89.76.81,Android,True,716.2
1754,tablet,142.1.33.60,iOS,True,632.06
1755,tablet,14.43.99.68,iOS,True,518.36
1756,telefono,145.206.39.220,Android,True,1241.47
1757,telefono,11.193.78.202,iOS,True,1200.91
1758,tablet,117.129.128.116,iOS,False,408.7
1759,computadora,17.57.35.128,Windows,True,2689.89
1760,tablet,96.120.72.70,iOS,False,211.97
1761,telefono,136.245.200.151,iOS,True,1440.16
1762,telefono,144.138.186.41,iOS,False,364.6
1763,telefono,60.126.54.43,iOS,True,150.72
1764,tablet,82.190.54.160,Android,False,526.74
1765,tablet,158.167.54.22,iOS,True,1097.4
1766,computadora,173.12.8.201,Windows,True,1174.84
1767,telefono,194.85.53.115,iOS,True,874.66
1768,telefono,112.111.244.244,iOS,True,932.6
1769,telefono,142.63.183.68,iOS,True,774.28
1770,computadora,48.123.168.168,Linux,True,2630.75
1771,computadora,75.195.72.167,Windows,True,1551.08
1772,tablet,21.84.141.2,iOS,True,969.29
1773,computadora,72.84.225.244,Windows,True,2640.69
1774,telefono,32.13.24.95,Android,True,1490.22
1775,computadora,70.229.166.164,Windows,True,2046.15
1776,computadora,95.30.176.107,Windows,True,2182.34
1777,telefono,209.185.60.118,iOS,True,942.23
1778,computadora,72.25.135.237,macOS,False,1734.23
1779,computadora,31.237.250.108,macOS,True,2660.02
1780,computadora,89.39.100.171,macOS,True,664.46
1781,tablet,78.152.108.232,iOS,True,1111.89
1782,tablet,204.215.126.244,iOS,False,882.23
1783,telefono,135.168.183.8,iOS,True,1152.19
1784,telefono,26.16.1.73,iOS,True,481.32
1785,computadora,43.81.109.209,macOS,False,1537.81
1786,tablet,119.189.78.208,iOS,True,1002.23
1787,computadora,33.251.226.204,macOS,True,1436.53
1788,computadora,69.127.226.20,macOS,False,1665.49
1789,tablet,199.249.119.245,Android,True,798.4
1790,telefono,201.110.8.51,Android,False,320.3
1791,telefono,30.229.110.87,iOS,False,730.56
1792,telefono,203.141.74.156,iOS,True,1266.59
1793,telefono,68.104.97.243,Android,False,1116.49
1794,tablet,120.234.79.213,Android,True,896.65
1795,telefono,45.131.160.142,iOS,True,750.88
1796,telefono,107.81.119.161,iOS,True,107.17
1797,telefono,171.35.157.21,Android,False,98.04
1798,tablet,103.212.54.85,iOS,True,174.67
1799,telefono,22.68.46.102,Android,True,957.46
1800,computadora,159.217.114.232,Linux,True,368.41
1801,tablet,61.102.59.232,Android,True,1028.54
1802,tablet,36.196.66.135,Android,True,755.59
1803,computadora,157.196.126.158,Windows,False,481.42
1804,computadora,132.234.77.13,macOS,False,2642.1
1805,tablet,183.107.36.105,iOS,True,523.6
1806,computadora,51.131.52.39,Linux,True,2704.23
1807,telefono,128.50.242.251,iOS,True,196.03
1808,telefono,51.56.191.87,iOS,True,651.0
1809,tablet,160.186.103.254,iOS,False,133.89
1810,computadora,68.84.108.233,Linux,False,348.9
1811,tablet,29.54.247.199,Android,True,284.88
1812,computadora,15.30.231.178,macOS,True,864.03
1813,telefono,114.132.28.185,Android,True,410.78
1814,telefono,14.243.28.66,iOS,True,1231.95
1815,computadora,38.99.94.138,Linux,True,1515.48
1816,telefono,91.64.32.40,Android,True,1082.97
1817,telefono,98.209.182.109,iOS,True,1426.94
1818,telefono,9.201.42.16,Android,False,172.63
1819,telefono,145.43.61.30,iOS,True,537.19
1820,telefono,108.27.16.71,Android,True,1039.08
1821,tablet,195.74.113.54,iOS,True,417.88
1822,telefono,181.226.178.91,Android,True,483.22
1823,computadora,56.111.188.20,Linux,True,1978.53
1824,tablet,171.124.3.162,Android,True,180.68
1825,tablet,70.10.216.152,Android,True,463.29
1826,computadora,220.205.229.83,Linux,True,634.98
1827,tablet,207.76.86.248,Android,True,937.56
1828,tablet,126.213.9.166,Android,False,848.38
1829,tablet,30.151.22.211,iOS,True,966.02
1830,computadora,113.174.11.12,macOS,False,438.28
1831,tablet,222.85.19.219,Android,False,933.36
1832,telefono,57.245.154.217,iOS,True,563.17
1833,tablet,64.99.76.149,Android,True,883.03
1834,telefono,167.43.100.195,Android,True,1479.97
1835,tablet,26.141.94.119,Android,True,1167.78
1836,computadora,151.139.95.145,Windows,False,1099.32
1837,tablet,69.161.114.131,iOS,True,747.75
1838,telefono,178.181.70.19,Android,True,388.98
1839,tablet,185.236.106.227,iOS,True,1147.26
1840,tablet,36.176.79.125,iOS,True,1084.75
1841,computadora,191.205.106.153,Windows,False,417.19
1842,telefono,176.133.245.238,Android,True,1481.03
1843,tablet,16.172.33.59,iOS,True,917.66
1844,telefono,201.20.54.167,iOS,True,1329.28
1845,tablet,210.175.22.47,iOS,True,529.65
1846,computadora,56.223.208.58,Windows,True,1906.21
1847,computadora,216.42.177.195,Linux,False,618.31
1848,tablet,104.69.207.50,iOS,False,205.8
1849,tablet,162.7.159.150,Android,True,1064.05
1850,computadora,44.234.138.152,macOS,True,2978.11
1851,tablet,37.172.115.19,Android,False,576.54
1852,telefono,54.23.52.242,Android,True,1447.65
1853,telefono,66.199.63.54,Android,True,1079.66
1854,telefono,69.182.204.219,iOS,True,766.03
1855,telefono,18.104.248.37,Android,True,1351.23
1856,telefono,11.88.248.248,Android,False,201.6
1857,computadora,10.113.33.151,Linux,True,1507.6
1858,telefono,30.249.202.250,iOS,True,949.91
1859,telefono,53.144.14.165,iOS,True,1258.34
1860,computadora,26.63.115.183,macOS,True,1818.05
1861,telefono,29.81.175.4,Android,True,951.91
1862,telefono,91.4.216.84,Android,True,1054.72
1863,telefono,100.164.204.219,iOS,True,207.47
1864,telefono,119.30.204.178,Android,True,1418.86
1865,computadora,101.68.121.212,Windows,True,2469.16
1866,tablet,93.232.94.97,Android,True,970.24
1867,computadora,152.200.26.248,macOS,True,360.4
1868,tablet,142.3.21.63,Android,True,1189.76
1869,tablet,78.71.47.71,iOS,True,804.01
1870,tablet,18.192.15.211,iOS,True,574.54
1871,telefono,124.63.19.38,iOS,False,249.12
1872,computadora,83.207.255.50,Linux,True,1961.53
1873,telefono,126.86.155.56,iOS,True,792.55
1874,tablet,146.140.20.54,Android,True,183.64
1875,telefono,55.70.119.72,iOS,True,496.13
1876,tablet,173.48.103.213,iOS,True,425.94
1877,telefono,28.65.12.26,iOS,True,943.74
1878,telefono,164.196.114.222,Android,True,1163.31
1879,computadora,17.222.177.106,macOS,True,1902.88
1880,tablet,16.246.18.19,Android,True,904.56
1881,computadora,105.67.185.54,Linux,True,2347.65
1882,tablet,29.96.25.178,Android,True,980.8
1883,telefono,24.166.155.134,iOS,True,575.47
1884,computadora,204.15.121.18,macOS,True,972.83
1885,telefono,201.102.99.133,Android,True,1102.11
1886,telefono,158.21.214.247,iOS,True,633.62
1887,telefono,82.112.49.110,iOS,True,459.29
1888,telefono,142.150.120.15,iOS,True,1438.53
1889,telefono,102.205.18.249,iOS,True,504.67
1890,telefono,19.91.35.254,iOS,True,252.43
1891,telefono,63.237.234.56,iOS,True,724.91
1892,computadora,134.209.132.170,Windows,True,505.87
1893,telefono,19.152.33.182,iOS,False,269.53
1894,telefono,183.16.200.192,iOS,False,1111.65
1895,computadora,31.69.206.28,macOS,True,1034.98
1896,computadora,98.121.190.85,Linux,True,2167.21
1897,telefono,93.94.138.185,iOS,True,879.95
1898,telefono,71.96.68.21,Android,True,862.99
1899,telefono,124.84.107.34,Android,True,472.38
1900,computadora,68.185.182.20,Linux,True,1993.56
1901,telefono,111.254.50.37,Android,True,820.1
1902,tablet,97.212.156.117,iOS,True,702.41
1903,telefono,214.148.189.13,iOS,False,984.36
1904,computadora,161.158.190.11,Windows,True,1791.99
1905,computadora,31.206.155.152,macOS,True,2616.36
1906,telefono,220.165.87.232,Android,True,1239.62
1907,computadora,167.129.240.184,Linux,True,1309.0
1908,tablet,212.47.88.55,iOS,False,221.29
1909,computadora,160.10.199.16,macOS,True,340.14
1910,tablet,9.14.36.70,Android,True,694.22
1911,computadora,164.34.89.254,Linux,True,1055.01
1912,telefono,138.89.128.222,iOS,True,479.84
1913,tablet,85.127.65.38,iOS,True,910.22
1914,telefono,197.90.101.67,Android,False,178.79
1915,computadora,37.187.248.45,Windows,True,959.38
1916,tablet,47.100.219.189,Android,True,649.4
1917,tablet,110.173.38.222,Android,True,731.19
1918,telefono,114.191.76.138,Android,True,481.67
1919,telefono,16.75.140.93,Android,False,369.36
1920,tablet,100.131.207.187,Android,True,754.69
1921,telefono,161.95.50.151,iOS,False,372.25
1922,tablet,108.40.64.169,Android,True,178.65
1923,computadora,73.151.33.81,Windows,True,1087.79
1924,telefono,39.154.134.104,iOS,False,120.4
1925,tablet,132.198.132.12,Android,True,620.89
1926,tablet,148.47.35.46,Android,False,154.92
1927,computadora,58.234.214.196,Linux,True,812.81
1928,tablet,169.160.111.60,Android,True,1035.52
1929,telefono,79.107.128.96,Android,True,636.72
1930,telefono,146.43.19.34,iOS,True,1003.1
1931,computadora,183.32.60.127,Windows,True,1039.28
1932,computadora,95.120.217.61,Windows,True,1412.94
1933,computadora,206.211.109.124,Windows,True,2825.21
1934,telefono,109.222.91.73,Android,True,1254.99
1935,telefono,61.247.100.89,Android,True,1130.86
1936,telefono,158.56.29.239,Android,True,1131.52
1937,tablet,205.24.155.208,Android,True,805.8
1938,telefono,6.101.9.189,Android,False,482.89
1939,tablet,198.250.145.57,iOS,True,140.77
1940,tablet,77.129.179.178,iOS,True,1195.28
1941,computadora,219.173.54.146,Linux,True,1383.23
1942,computadora,109.233.20.202,Linux,True,1317.53
1943,tablet,141.79.242.253,iOS,True,669.05
1944,computadora,80.49.164.251,Linux,True,2735.03
1945,computadora,185.204.205.0,Linux,True,2047.7
1946,tablet,126.136.2.156,iOS,True,666.45
1947,telefono,55.148.227.63,Android,True,1122.02
1948,computadora,44.120.17.35,macOS,True,1000.46
1949,computadora,182.100.67.161,macOS,True,1749.3
1950,tablet,6.228.209.228,Android,True,1009.8
1951,telefono,180.13.114.85,iOS,True,1259.35
1952,telefono,200.189.12.226,iOS,True,596.25
1953,tablet,114.251.44.133,Android,True,125.14
1954,computadora,167.130.195.202,Linux,True,2439.81
1955,telefono,216.83.113.173,iOS,True,952.79
1956,computadora,193.79.202.243,Linux,True,1616.84
1957,computadora,168.59.251.81,Linux,True,1078.21
1958,computadora,68.57.69.36,Linux,True,1054.26
1959,telefono,12.157.237.187,iOS,False,61.53
1960,tablet,130.106.135.29,iOS,True,1079.42
1961,computadora,82.22.183.105,macOS,False,800.8
1962,tablet,87.192.34.225,Android,True,580.0
1963,telefono,107.204.28.56,iOS,True,398.68
1964,telefono,213.250.54.100,iOS,True,686.38
1965,telefono,15.81.161.48,iOS,True,963.26
1966,computadora,115.249.137.193,Linux,False,563.66
1967,computadora,202.138.78.100,macOS,True,2490.35
1968,computadora,133.211.78.110,macOS,True,766.81
1969,telefono,91.200.110.216,iOS,True,235.36
1970,telefono,109.252.99.15,Android,True,1242.11
1971,computadora,187.119.27.88,Windows,True,1976.62
1972,computadora,97.225.89.89,macOS,True,2332.35
1973,computadora,57.240.19.185,macOS,True,1335.6
1974,telefono,177.108.167.26,iOS,True,715.93
1975,computadora,126.108.137.199,Windows,True,2902.25
1976,computadora,40.230.176.173,macOS,True,1475.55
1977,tablet,27.113.35.142,iOS,True,1116.39
1978,telefono,70.252.21.13,iOS,True,1340.81
1979,telefono,173.231.212.67,iOS,True,919.24
1980,telefono,188.224.152.203,Android,True,725.79
1981,telefono,146.75.49.241,iOS,False,1298.97
1982,computadora,156.88.148.94,Linux,True,2771.94
1983,tablet,20.50.85.92,iOS,False,318.79
1984,telefono,148.239.229.232,Android,False,237.69
1985,telefono,136.39.103.94,iOS,True,1454.09
1986,computadora,211.242.178.127,Linux,True,1441.72
1987,tablet,117.45.165.9,Android,False,671.63
1988,computadora,40.135.79.130,macOS,True,1770.0
1989,tablet,15.53.87.75,iOS,False,1189.36
1990,computadora,200.189.168.34,Linux,True,474.03
1991,telefono,153.217.205.147,iOS,True,406.31
1992,tablet,128.83.44.223,iOS,True,529.29
1993,telefono,56.57.103.92,iOS,True,664.65
1994,computadora,105.183.222.116,macOS,True,1426.63
1995,telefono,213.73.118.93,Android,True,1056.03
1996,tablet,150.127.57.73,Android,True,1183.82
1997,telefono,197.4.56.114,iOS,False,513.33
1998,tablet,77.172.11.215,iOS,False,172.17
1999,tablet,215.195.224.197,Android,True,988.65
2000,tablet,222.81.15.39,iOS,True,782.89
