id:ID,continente,pais,ciudad,latitud,longitud,zona_riesgo
1,América,Senegal,Cáceres,86.2702855,44.874373,False
2,África,Kenya,Las Palmas,-33.565493,58.456323,True
3,África,Islandia,Granada,-49.258785,72.303905,False
4,Oceanía,Sudán,Soria,-24.1194115,-66.194718,False
5,Oceanía,Andorra,Badajoz,54.0019365,157.484787,False
6,Oceanía,Bangladesh,Zaragoza,55.108973,-29.009547,False
7,Europa,Liechtenstein,Girona,-57.2242795,152.770345,False
8,Oceanía,Costa Rica,Soria,-41.4991995,-53.396191,False
9,África,Armenia,Madrid,50.675097,-51.332152,False
10,Europa,Arabia Saudita,Madrid,29.0742865,-106.927183,False
11,Europa,Madagascar,Alicante,9.853425,111.539284,False
12,América,República Federal Democrática de Nepal,Granada,0.382828,32.530439,False
13,Europa,Estados Unidos de América,Cuenca,68.050769,-124.996254,False
14,África,Antigua y Barbuda,Valencia,64.0000845,41.428931,True
15,Europa,Federación de Rusia,Teruel,-73.8816685,-67.742325,False
16,Oceanía,Finlandia,Málaga,-71.475054,51.027526,True
17,Asia,Chile,Álava,-9.253224,31.519628,False
18,América,Mali,Cáceres,-21.093664,164.826561,False
19,Europa,Tailandia,Madrid,-76.0784285,-153.57596,False
20,América,España,Lleida,-73.916511,59.165427,True
21,Europa,Bahamas,Guipúzcoa,74.7809805,-46.031922,False
22,Asia,Paraguay,Córdoba,63.7022045,76.153477,True
23,África,Benin,Castellón,-38.069715,178.850617,False
24,Oceanía,Bahrein,Ceuta,-42.25106,-88.310789,False
25,Europa,Filipinas,León,-73.321794,33.929754,False
26,América,Italia,Alicante,-16.681445,138.409437,False
27,Asia,Kazajstán,Santa Cruz de Tenerife,-40.6074825,55.976108,False
28,África,Camerún,Las Palmas,78.4097875,57.278166,False
29,Asia,Guinea Bissau,Barcelona,6.9314875,-92.049997,False
30,Oceanía,Hungría,Pontevedra,66.9522925,153.669018,True
31,África,Granada,La Coruña,37.873995,38.614401,False
32,Europa,Omán,Soria,-45.4405355,-96.07236,False
33,América,Jamaica,Tarragona,-78.353086,-162.480007,True
34,Oceanía,Rwanda,Madrid,-54.7944755,-6.302103,False
35,África,Líbano,Guipúzcoa,-7.5275015,51.107858,False
36,América,Montenegro,Las Palmas,42.5317195,-53.464931,False
37,África,Etiopía,Asturias,-48.909553,171.090269,False
38,Europa,Vanuatu,Guipúzcoa,56.8514445,175.214878,False
39,Asia,Jamaica,Zaragoza,-64.7009965,-32.470431,False
40,Oceanía,Tailandia,Córdoba,3.011597,112.265963,False
41,África,Haití,Zaragoza,-23.210672,-146.928398,False
42,Europa,Saint Kitts y Nevis,Granada,-15.8416835,-25.161474,False
43,Oceanía,Arabia Saudita,Burgos,55.279484,90.163616,False
44,Asia,Belice,Navarra,4.242285,-168.363658,False
45,África,Côte d'Ivoire,Tarragona,23.5320055,113.161225,True
46,Europa,Camboya,Huelva,-64.9625845,37.47739,False
47,Europa,San Marino,Toledo,-86.9946125,81.950363,False
48,Asia,República Democrática del Congo,Barcelona,-28.8643495,136.057199,False
49,África,Tayikistán,Valladolid,16.84434,-90.121802,False
50,Oceanía,Kenya,Guipúzcoa,-39.694615,-6.874692,False
51,Asia,Nueva Zelandia,Zamora,-21.9301665,11.429755,False
52,Europa,Suiza,Palencia,61.6307775,-143.182439,False
53,África,Myanmar,Cuenca,41.592728,-40.971128,False
54,Europa,Líbano,Huelva,-54.224015,84.024195,False
55,Oceanía,Niger,Cáceres,22.6230185,10.460375,False
56,América,Hungría,Almería,51.463065,64.02162,False
57,América,Argelia,Madrid,75.161248,-41.934082,False
58,América,Nicaragua,Palencia,-32.534517,83.324932,False
59,América,Dominicana,Salamanca,19.2740095,80.316279,True
60,Oceanía,Cuba,Valladolid,55.717152,37.32041,False
61,África,Maldivas,Cáceres,8.650678,135.155462,False
62,África,Mauritania,Valladolid,68.1169945,167.991795,True
63,Europa,Guinea Ecuatorial,Jaén,83.0169125,30.407308,False
64,Oceanía,Ecuador,Melilla,51.2888625,173.472068,False
65,Europa,Santa Lucía,Jaén,7.3891595,90.121709,False
66,África,Bélgica,Burgos,-48.356108,-27.047082,False
67,Europa,Portugal,Madrid,89.266125,50.343074,True
68,Asia,Zambia,Barcelona,32.222294,-3.48442,False
69,Asia,Guatemala,La Rioja,-35.4720065,-20.785668,False
70,Asia,República de Macedonia del Norte,Cantabria,69.893212,51.368498,False
71,Oceanía,Maldivas,Castellón,-65.4311555,-130.493202,True
72,África,Gambia,Huesca,-86.3328955,-149.933371,True
73,África,Bahrein,Alicante,73.0445495,-119.570065,True
74,Oceanía,Bahamas,Badajoz,74.6065305,177.943375,False
75,Europa,Líbano,Valencia,20.1409545,-132.968218,False
76,Asia,República de Macedonia del Norte,Vizcaya,-61.1456165,178.657462,True
77,Europa,Eslovenia,Cádiz,-51.739162,-34.1485,False
78,Europa,Yemen,Huesca,-72.496582,-155.435072,False
79,Europa,Uganda,Zaragoza,-12.434098,161.102714,False
80,África,República Centroafricana,Almería,61.417754,146.762583,True
81,Europa,Camerún,Las Palmas,-31.9572955,-22.363685,False
82,América,Eritrea,Lugo,2.0997735,-70.028319,False
83,África,Australia,Cuenca,80.270794,94.651814,False
84,África,Pakistán,Ourense,1.835276,-129.46393,False
85,África,Suecia,La Coruña,2.150047,-110.008154,True
86,Oceanía,Túnez,Asturias,65.0751825,122.563512,False
87,Europa,Botswana,Huelva,50.3537545,-87.58905,False
88,Oceanía,Marruecos,Huelva,-4.5237445,66.124223,False
89,América,Liechtenstein,Lugo,4.6809935,127.567184,True
90,Oceanía,Israel,Zaragoza,58.1247615,-25.658159,False
91,África,Trinidad y Tabago,Asturias,43.4081155,59.744942,True
92,Europa,Ecuador,Cáceres,48.9710695,-23.095324,False
93,África,Canadá,Teruel,64.1646725,86.05754,False
94,África,Francia,Ourense,34.4836095,-177.322607,False
95,África,Irán,Córdoba,-0.752819,-155.89867,False
96,América,Zimbabwe,Jaén,81.452644,155.552006,False
97,Asia,Emiratos Árabes Unidos,Palencia,85.5698685,34.759401,True
98,África,Gabón,Alicante,13.3896045,-99.030267,False
99,Asia,Guyana,Cuenca,22.701576,9.852037,False
100,África,Togo,Madrid,-84.257887,18.417182,False
101,Europa,Suiza,Segovia,64.2233225,97.278654,False
102,Europa,Swazilandia,Valencia,15.681642,109.56443,False
103,Europa,Eslovaquia,Tarragona,-62.475186,-141.929645,False
104,África,Italia,Barcelona,1.2161255,12.37527,False
105,Europa,Túnez,Lugo,25.418837,28.174287,False
106,Oceanía,Bélgica,Girona,2.0990515,131.744583,False
107,Asia,Cabo Verde,Lugo,64.4702305,-91.03547,False
108,Oceanía,Andorra,Cantabria,-37.384777,159.253993,False
109,África,China,Málaga,-1.47455,130.465296,False
110,Oceanía,Filipinas,Zamora,-36.162945,6.906039,False
111,América,Antigua y Barbuda,Tarragona,67.9947375,144.937265,False
112,América,República Dominicana,Burgos,1.4299715,124.439368,False
113,Europa,Gabón,Jaén,-88.0248495,79.341778,True
114,Oceanía,Fiji,Barcelona,70.3831225,-170.851532,False
115,Oceanía,Finlandia,Burgos,-55.15784,-105.253482,False
116,Europa,Vietman,Tarragona,87.820587,19.272697,False
117,América,Irán,Toledo,0.3637735,163.193005,False
118,América,Marruecos,Córdoba,-4.478112,-122.148549,False
119,Oceanía,Granada,Madrid,-41.166537,-90.627809,False
120,América,Lituania,Alicante,49.829398,-124.294388,False
121,África,Chile,Vizcaya,43.8731405,41.142231,False
122,América,Bulgaria,Palencia,5.5147025,-59.21348,False
123,África,Eslovenia,Salamanca,-71.3808565,35.212088,True
124,Oceanía,Barbados,Valladolid,-35.413104,-37.238882,False
125,América,San Vicente y las Granadinas,Ávila,-16.513832,-134.722585,True
126,Europa,Grecia,Palencia,24.392591,76.880355,False
127,Europa,Bosnia y Herzegovina,Soria,72.553237,-8.558078,True
128,Oceanía,Burundi,Valladolid,0.7092465,150.968435,False
129,América,Pakistán,Ávila,-7.5445115,-55.873499,False
130,Europa,Pakistán,Huelva,-66.358941,-14.54301,False
131,América,Bahrein,Granada,24.9166855,113.218568,True
132,Oceanía,Países Bajos,Baleares,2.81653,-164.84919,False
133,África,Croacia,Castellón,-69.670533,-167.391613,False
134,América,República Centroafricana,La Coruña,-8.083393,125.992173,False
135,América,Benin,Madrid,-85.0722115,69.022173,False
136,África,Cabo Verde,La Coruña,-14.4525935,79.098336,True
137,África,Reino Unido de Gran Bretaña e Irlanda del Norte,Segovia,-88.323187,-56.76809,True
138,África,Congo,Almería,-83.877562,-44.62321,False
139,Asia,Georgia,Zaragoza,-26.404658,-179.250847,False
140,Asia,Hungría,Ceuta,-55.6616615,44.479278,False
141,Europa,San Vicente y las Granadinas,Guipúzcoa,-83.6053075,-15.51401,True
142,Asia,Camboya,Teruel,-44.213252,-55.121706,False
143,África,Timor-Leste,Huesca,30.144177,-177.948301,True
144,Asia,Guinea,Jaén,-83.8277005,-3.499893,False
145,África,Myanmar,Lugo,18.5936355,-168.348707,False
146,América,Belarús,Huesca,86.355474,168.203072,True
147,América,Somalia,Cantabria,17.164887,-142.056854,True
148,América,Chad,Zamora,38.5133235,76.048682,False
149,Oceanía,Andorra,Córdoba,28.974945,101.886742,False
150,América,Liechtenstein,Segovia,73.0643065,51.41482,True
151,Oceanía,Turquía,León,67.1774545,166.383123,False
152,África,Haití,Ciudad,10.284681,179.7434,False
153,Asia,Paraguay,Alicante,47.6918865,55.389827,False
154,Asia,Nueva Zelandia,Santa Cruz de Tenerife,-84.7634085,100.816647,False
155,Oceanía,Sierra Leona,Pontevedra,-20.743646,70.379033,False
156,Europa,Ucrania,Madrid,5.787759,-117.921267,False
157,Europa,Mónaco,Granada,-50.3773595,-152.611402,False
158,América,Somalia,Albacete,-2.608211,160.234682,False
159,América,Comoras,Santa Cruz de Tenerife,34.07531,-139.172846,False
160,Asia,República Árabe Siria,Sevilla,-15.343395,-37.049632,False
161,Asia,Irlanda,Huesca,-38.4486035,-138.77948,False
162,Europa,España,Segovia,-10.1962965,14.868956,False
163,Oceanía,Tuvalu,Palencia,62.0746265,-168.380982,True
164,América,Tuvalu,Asturias,-15.942876,-32.629575,False
165,Europa,República de Corea,Salamanca,-53.111996,44.844081,False
166,Asia,República Unida de Tanzanía,Santa Cruz de Tenerife,-71.9262365,174.869047,True
167,Europa,Islas Salomón,Zamora,44.176947,-140.654472,False
168,África,República Democrática Popular Lao,Cuenca,16.6571825,39.323746,False
169,Oceanía,Belice,Alicante,52.368274,-17.358129,False
170,Oceanía,Filipinas,Cuenca,16.991111,-139.046342,False
171,Europa,Haití,Ourense,-14.887921,-40.765459,False
172,Europa,Georgia,Navarra,51.776652,7.853382,False
173,Oceanía,Seychelles,Málaga,-84.582046,65.06683,True
174,Oceanía,Países Bajos,Huelva,-82.2299615,51.231481,True
175,Oceanía,Croacia,Ciudad,3.4757895,-132.255921,False
176,África,Libia,Sevilla,-76.963314,128.901283,True
177,África,Arabia Saudita,Cuenca,79.9188495,-85.723947,True
178,Oceanía,Burkina Faso,Castellón,-70.548091,-75.646169,False
179,África,Zimbabwe,Albacete,-38.404192,150.495142,False
180,Oceanía,Tonga,Huesca,55.844932,-161.164917,False
181,África,Guatemala,Huelva,-35.485079,-178.39526,False
182,América,Rumania,Lleida,-53.1545035,130.27674,False
183,África,Paraguay,Almería,-78.6663715,-40.069313,True
184,Europa,República Democrática Popular Lao,Badajoz,-66.774953,-159.567719,False
185,América,Micronesia,Madrid,49.2912355,-17.125183,True
186,Oceanía,Luxemburgo,Sevilla,-17.4594235,-166.061765,False
187,Oceanía,Suiza,Huesca,89.233295,-8.555053,True
188,Asia,Haití,Huelva,49.7522385,-108.351611,False
189,América,Emiratos Árabes Unidos,Cádiz,-55.0967295,-120.253006,False
190,América,Kiribati,Teruel,39.436815,-108.500695,False
191,Asia,Turquía,Tarragona,-33.4725805,7.568757,False
192,Europa,Ucrania,Cantabria,50.674088,-96.072295,False
193,Europa,Arabia Saudita,Huesca,-86.8912485,136.186164,False
194,Oceanía,Albania,Las Palmas,74.76691,-141.359732,True
195,América,Argentina,Córdoba,-65.32822,-136.419176,True
196,África,Tailandia,Palencia,-61.2063075,-165.733826,True
197,Asia,Irán,Palencia,79.612512,-154.311484,False
198,Oceanía,Samoa,Valladolid,-50.673213,-84.517233,False
199,América,Croacia,Asturias,37.3524445,150.825729,False
200,Europa,Papua Nueva Guinea,Las Palmas,35.7437655,4.505396,False
201,Asia,Guinea,Huelva,-31.6051355,30.10635,False
202,Oceanía,Omán,Palencia,76.3979695,-135.180895,False
203,África,Madagascar,Córdoba,-50.454079,73.518303,True
204,Asia,Tuvalu,Ávila,64.8313745,-133.714382,False
205,Oceanía,Jordania,Ceuta,-56.793405,-161.878043,False
206,Asia,Rumania,Palencia,-70.677789,118.496768,True
207,Europa,Letonia,Murcia,-89.7837175,-147.928889,False
208,América,Japón,Ávila,-85.858969,169.272022,True
209,Oceanía,Kazajstán,Lleida,8.3665635,56.879228,False
210,Oceanía,República Democrática Popular Lao,Málaga,-80.1091895,51.045185,False
211,Europa,Italia,Zamora,-55.0158835,-78.58699,False
212,Asia,Bosnia y Herzegovina,Palencia,-70.2275365,-146.996177,True
213,Oceanía,Guinea,Ciudad,-47.182007,16.82601,False
214,Oceanía,Tuvalu,La Rioja,33.869276,154.928011,False
215,América,Kazajstán,Guipúzcoa,-68.318462,99.653411,True
216,Oceanía,Tonga,Murcia,32.1280805,-27.702393,False
217,América,República de Moldova,Málaga,-2.452066,-61.411137,True
218,América,República Democrática del Congo,Badajoz,14.1602305,37.517332,False
219,África,Suecia,Ávila,-83.5445475,69.57347,True
220,Asia,Suriname,Guipúzcoa,-54.872766,-167.989248,False
221,América,Bahrein,Melilla,-5.7732965,-135.530337,True
222,África,Honduras,Santa Cruz de Tenerife,-39.667684,119.566045,False
223,América,China,Zaragoza,62.6219765,32.946159,True
224,Asia,Timor-Leste,Ceuta,83.1113145,104.339746,True
225,Asia,Somalia,La Rioja,-13.7265855,-20.52457,False
226,África,Israel,Tarragona,-33.8631745,150.980558,True
227,Oceanía,Suriname,Jaén,31.0700205,49.201226,False
228,Oceanía,El Salvador,Vizcaya,-64.5011425,-77.016652,True
229,América,Kirguistán,Ávila,8.2591705,-145.061694,False
230,América,Saint Kitts y Nevis,La Coruña,32.251908,1.764367,False
231,África,Burundi,Jaén,-76.797514,17.702912,False
232,África,Qatar,Baleares,27.881369,-19.674087,False
233,Europa,Gabón,Segovia,41.6476405,-48.203019,False
234,Oceanía,Bosnia y Herzegovina,Alicante,-81.4578345,-124.70275,True
235,Europa,Madagascar,Ourense,33.266465,-67.213691,False
236,África,República de Moldova,Lleida,3.341539,170.14671,False
237,América,República de Macedonia del Norte,Barcelona,-16.2077955,55.176933,False
238,América,Ucrania,Valladolid,1.6880745,-60.31977,True
239,África,San Vicente y las Granadinas,Huesca,78.248045,-110.662869,True
240,América,Tayikistán,Guadalajara,-1.156552,63.868418,True
241,Asia,Niger,Soria,-14.6851045,-101.04258,False
242,Oceanía,Perú,Las Palmas,79.078105,-159.548282,False
243,Oceanía,Eritrea,Málaga,6.849733,5.29244,False
244,América,Bolivia,Soria,57.774919,3.413864,False
245,África,Marruecos,Navarra,69.8776145,103.460306,False
246,América,Togo,Córdoba,-64.2966595,-103.767339,True
247,Oceanía,Ucrania,Badajoz,62.847461,150.917504,False
248,Oceanía,Singapur,Córdoba,-0.441114,-154.588406,False
249,Oceanía,Malawi,Huelva,6.516895,128.252077,False
250,Asia,Kuwait,Palencia,44.873862,-117.862301,False
251,África,Sierra Leona,Cádiz,12.170573,161.640613,False
252,Asia,Chipre,Santa Cruz de Tenerife,-18.209725,165.759409,False
253,América,Tonga,Álava,-6.240129,152.106904,False
254,Oceanía,Egipto,Cuenca,-53.829112,112.952082,False
255,Asia,Angola,Cantabria,3.542724,21.797445,False
256,Oceanía,Colombia,Ciudad,-82.140059,-111.833738,False
257,Oceanía,Guyana,Baleares,8.4616655,150.304187,False
258,Europa,Marruecos,Asturias,66.6629175,164.739286,False
259,Asia,Bangladesh,Tarragona,56.0781515,61.353474,False
260,Oceanía,Suriname,Cuenca,85.8355555,15.726783,False
261,América,Austria,Teruel,22.4177,-153.845771,True
262,América,Argelia,Valencia,-70.5813325,-17.278128,True
263,África,Nueva Zelandia,Salamanca,42.7706545,81.600766,True
264,América,Tailandia,Murcia,-80.7758705,63.773772,True
265,Asia,República Árabe Siria,Córdoba,-15.2291855,-103.128573,False
266,Europa,Kuwait,Pontevedra,-77.521089,-4.056632,True
267,Asia,Sudán del Sur,Ceuta,-5.662987,-173.080002,False
268,Oceanía,Nauru,Badajoz,67.1207625,-11.789665,False
269,Oceanía,Fiji,Huelva,53.5303625,-122.16308,False
270,África,Uruguay,Lleida,-18.3559795,170.076393,False
271,Oceanía,Sudáfrica,Soria,-70.8591245,130.228795,True
272,América,Ucrania,Huelva,74.4562055,2.179353,True
273,Oceanía,Indonesia,Huesca,-66.993462,-68.116572,False
274,Asia,San Marino,Vizcaya,48.3667735,93.380331,False
275,Europa,Argentina,Castellón,-77.382512,-127.924446,False
276,América,Países Bajos,Granada,-64.114585,38.949266,True
277,América,Italia,Burgos,-60.373095,9.998607,True
278,Europa,Etiopía,Ourense,3.8278085,-149.878355,False
279,Asia,Namibia,Guadalajara,-1.0249235,-149.762178,False
280,Europa,Camboya,Barcelona,-39.75237,-154.68599,False
281,Oceanía,Afganistán,Ourense,50.452336,-37.684399,False
282,Europa,Georgia,Valladolid,42.8860885,-11.187531,False
283,América,Bahrein,La Coruña,-11.1659965,-134.741461,False
284,Asia,Togo,Badajoz,85.608896,-23.081511,False
285,África,Italia,Pontevedra,26.419852,114.991966,False
286,América,Kirguistán,Huesca,20.5073055,177.378107,True
287,Europa,Comoras,Valencia,44.318497,-113.411618,False
288,Asia,Albania,Girona,69.3898175,121.78383,True
289,Europa,Uzbekistán,La Rioja,-49.229291,-165.396906,False
290,Europa,Ghana,Granada,-6.8822555,103.17777,False
291,Asia,Serbia,Lugo,63.658106,-5.644474,False
292,Oceanía,Israel,Valencia,83.216499,51.181534,False
293,Europa,Madagascar,Valladolid,-75.308062,35.202356,False
294,América,Filipinas,Santa Cruz de Tenerife,82.9285765,134.148372,False
295,América,San Vicente y las Granadinas,Soria,12.577374,-21.816766,False
296,América,Estados Unidos de América,Baleares,-4.1669395,166.110145,False
297,Europa,Albania,Huelva,-63.5000955,95.872318,True
298,Europa,El Salvador,Salamanca,55.789815,3.725649,False
299,América,Santo Tomé y Príncipe,Cáceres,-89.5140395,-154.295714,False
300,África,Estonia,Albacete,-16.211672,72.364017,True
301,África,Suriname,Girona,44.796941,-88.966187,False
302,África,Tuvalu,Asturias,61.5774855,70.548309,False
303,Asia,Tayikistán,La Coruña,-39.4531115,-97.206597,False
304,Oceanía,República Dominicana,Badajoz,-50.7624785,37.395027,False
305,Europa,República Árabe Siria,Melilla,-7.3435315,-102.062455,False
306,África,Libia,Valladolid,-53.0687435,-35.051825,True
307,Europa,República de Macedonia del Norte,Castellón,-68.0908715,-86.604762,False
308,Asia,Camboya,Córdoba,-75.1910025,160.981418,False
309,Oceanía,Eslovenia,Girona,81.973787,170.941554,False
310,Oceanía,Dominicana,Pontevedra,-18.0195965,-15.223876,False
311,Europa,Cuba,Vizcaya,-60.969939,6.03154,True
312,América,Francia,Soria,-38.1315335,-14.351388,False
313,América,República Árabe Siria,Jaén,11.15936,101.703166,False
314,Oceanía,Islas Salomón,Lleida,28.5472645,-32.146558,False
315,Europa,Marruecos,Lleida,41.268358,-150.170522,False
316,África,Yemen,Salamanca,-70.5487905,-168.258691,True
317,América,Barbados,Melilla,49.3967845,5.862351,True
318,Europa,España,Zamora,57.337429,-50.961149,False
319,Oceanía,República Democrática Popular Lao,La Rioja,-88.4580955,132.255087,False
320,América,Italia,Guadalajara,72.835885,40.624605,True
321,Oceanía,Guinea,Granada,-53.8696545,-158.316377,False
322,Asia,Micronesia,Valladolid,59.2357675,44.626537,False
323,Asia,Mongolia,Zamora,-54.794781,-46.30886,False
324,África,China,Lleida,-12.1081325,96.872546,False
325,Europa,Iraq,Cantabria,-44.085027,-107.779462,False
326,América,Sudán,Murcia,64.749315,7.479087,True
327,África,Vietman,Pontevedra,-40.4816235,-136.444044,False
328,Oceanía,Liechtenstein,La Rioja,78.682775,159.243997,True
329,Europa,Saint Kitts y Nevis,Huesca,12.840702,152.417767,False
330,África,Swazilandia,Guadalajara,-60.8768485,172.544004,False
331,América,República de Macedonia del Norte,Valencia,48.216181,-163.176094,False
332,África,Chad,La Rioja,42.8148755,-103.378039,True
333,Oceanía,Croacia,Ávila,52.521339,-79.109121,False
334,África,Emiratos Árabes Unidos,Cuenca,53.9841705,-171.006143,False
335,Europa,Uzbekistán,Lleida,82.4866925,-175.554218,True
336,Oceanía,Guyana,Huelva,-75.1760255,179.629015,False
337,América,Papua Nueva Guinea,León,-21.034001,-79.909663,False
338,Asia,Andorra,Ávila,12.3752395,-21.813992,False
339,Europa,Dinamarca,Valencia,-77.7993665,-171.745618,False
340,América,República de Macedonia del Norte,Cáceres,56.001909,-167.83863,False
341,Europa,Angola,Huelva,47.7329255,63.042891,False
342,África,Lesotho,Cantabria,-53.659054,-167.718166,False
343,América,Camboya,Ourense,89.3641605,86.986431,False
344,Europa,Congo,Huelva,-15.961184,72.513628,False
345,Oceanía,Angola,Lugo,-35.4568765,21.783904,False
346,Asia,Suiza,Granada,-39.7928825,-37.172135,False
347,Oceanía,Guinea Ecuatorial,Cantabria,52.104978,63.953287,False
348,América,Nueva Zelandia,Málaga,3.407761,-152.297928,False
349,Oceanía,Estados Unidos de América,Alicante,-57.6753765,-54.83588,False
350,Oceanía,Eslovenia,Málaga,-20.9514555,-113.598906,False
351,Asia,Croacia,Jaén,50.380525,116.754799,False
352,Asia,Samoa,Granada,50.541981,104.259257,False
353,Oceanía,Estados Unidos de América,Asturias,31.5576325,-85.878476,False
354,África,Nicaragua,Las Palmas,-50.1010945,-28.665856,False
355,América,Camboya,Teruel,8.761006,-105.511246,False
356,América,Irán,Guadalajara,61.5643575,-130.157725,True
357,Asia,Finlandia,Tarragona,4.5081445,114.419291,False
358,Europa,Santo Tomé y Príncipe,Toledo,-5.248884,-40.355175,False
359,Asia,Sudán del Sur,Pontevedra,-18.2666085,-131.408084,False
360,África,México,Lleida,59.441963,24.690801,False
361,Europa,Mali,Ourense,-89.120071,-141.394116,False
362,Europa,Fiji,Zaragoza,-67.1641725,173.655973,True
363,Asia,Indonesia,Granada,76.3459145,96.643847,True
364,África,Bahamas,Granada,-31.767811,69.399176,False
365,Oceanía,Letonia,Salamanca,-34.9717835,127.649989,False
366,América,Rwanda,Melilla,-51.8731245,-67.963347,False
367,Europa,Nigeria,Palencia,38.223021,77.998742,False
368,Oceanía,Bangladesh,Las Palmas,-64.842392,176.093258,False
369,Asia,Belarús,Cáceres,66.9175905,145.826587,True
370,América,Haití,Ciudad,-56.232774,-4.06203,True
371,África,Granada,Pontevedra,85.414651,-133.126951,True
372,Oceanía,Estonia,Zamora,-69.723855,-111.822376,False
373,Europa,Namibia,Vizcaya,70.206538,-139.515451,False
374,Europa,Iraq,Madrid,-8.876702,155.57446,False
375,América,Túnez,Teruel,-87.6001015,167.686613,True
376,África,Swazilandia,Salamanca,-47.9879755,-140.294492,True
377,Asia,Malawi,Córdoba,38.778561,165.476718,False
378,Europa,Irlanda,Ávila,15.081218,-154.038523,False
379,Asia,Hungría,Huesca,-62.188894,159.578883,False
380,Europa,Djibouti,Lleida,-86.988331,95.009688,False
381,África,Alemania,Valladolid,-58.3271545,4.387291,False
382,Europa,Indonesia,Guipúzcoa,-16.381249,31.173273,False
383,América,Israel,Ciudad,-24.1719435,-63.667685,False
384,Europa,Nauru,Córdoba,-21.160661,-149.966773,False
385,América,Barbados,Ciudad,-30.5900585,18.651909,False
386,Oceanía,Brunei Darussalam,La Coruña,-19.6424435,174.855904,False
387,Oceanía,Kazajstán,Albacete,5.4044165,-7.849674,False
388,América,Afganistán,Badajoz,-6.2357305,-144.051576,False
389,África,Belarús,Cáceres,-9.0442785,95.333812,False
390,Asia,Saint Kitts y Nevis,Valladolid,32.4765035,58.187584,False
391,África,Congo,Ávila,-46.6227285,-167.208845,False
392,Asia,Kazajstán,Valencia,17.921142,-158.838653,False
393,Oceanía,Benin,Zamora,-62.7315375,104.770205,False
394,Oceanía,Camboya,Alicante,83.354404,179.66645,False
395,Oceanía,Brasil,Cáceres,-27.983216,-35.415992,False
396,América,Croacia,Navarra,86.6251395,-147.661908,False
397,Asia,Arabia Saudita,Palencia,32.813602,1.764241,False
398,América,Kuwait,Cáceres,84.504199,36.026308,True
399,Asia,Rumania,Tarragona,-50.410726,6.906054,False
400,Asia,Gabón,Ceuta,64.776425,85.09015,False
401,Asia,Angola,Albacete,2.5905885,-39.134144,False
402,Europa,Portugal,Toledo,68.1892085,-142.356568,False
403,Europa,Etiopía,Córdoba,-29.539282,39.054573,False
404,Europa,Argelia,Álava,-79.1290995,-160.526298,False
405,Oceanía,Suiza,Navarra,78.866008,28.985324,True
406,Oceanía,Tailandia,Barcelona,64.533785,164.162154,False
407,América,Suecia,Cádiz,80.4921105,32.569032,False
408,África,Bahamas,Ávila,-86.23914,62.982875,False
409,Europa,Seychelles,Zamora,-82.24788,-127.826641,True
410,África,Argelia,Santa Cruz de Tenerife,4.750547,144.688681,True
411,África,Eritrea,Lleida,-44.3264875,11.497266,True
412,Europa,Malawi,Alicante,15.1130655,141.219355,False
413,América,Albania,Álava,32.3806855,135.359797,False
414,Europa,Suriname,Cuenca,-77.4393505,-10.266368,False
415,Asia,Suriname,Lleida,-81.2687395,-127.364237,False
416,Asia,Saint Kitts y Nevis,Pontevedra,51.94545,19.340494,False
417,África,Maldivas,Asturias,65.512616,-134.24153,True
418,África,Namibia,Alicante,-79.084726,75.269097,True
419,África,Andorra,Cuenca,85.72772,158.357634,True
420,Europa,República Checa,Asturias,72.959019,161.807468,False
421,Asia,Samoa,Melilla,-62.361858,158.614648,False
422,América,Granada,Sevilla,53.977674,47.475958,True
423,América,Jamaica,Guadalajara,-3.194221,51.629155,True
424,Asia,Tuvalu,Girona,-28.812894,121.965969,False
425,Asia,Guinea Ecuatorial,Huesca,79.800217,-36.718666,True
426,América,Palau,Córdoba,-39.4498405,100.959072,False
427,América,Eslovaquia,Granada,10.8606345,142.482278,False
428,Oceanía,Pakistán,Asturias,30.7037825,-22.803718,False
429,América,Guinea Ecuatorial,Guipúzcoa,19.4078265,159.934849,False
430,Oceanía,Timor-Leste,Vizcaya,17.695244,-172.118138,False
431,Asia,Croacia,Pontevedra,-31.5533195,148.344384,False
432,África,Fiji,León,-60.7526755,107.82917,False
433,Asia,Bolivia,Sevilla,-43.3148845,-32.792627,False
434,Oceanía,Noruega,Navarra,-84.5630795,-161.807817,True
435,Europa,Eritrea,Guipúzcoa,33.883423,14.498196,False
436,Oceanía,República Checa,Sevilla,-9.216618,-4.323153,False
437,Asia,Seychelles,Cáceres,18.3406465,138.615194,False
438,Europa,Belarús,Álava,17.1573445,12.780337,False
439,Asia,Etiopía,Salamanca,51.097978,-137.603436,False
440,América,Madagascar,León,36.4690635,39.745082,True
441,América,Belarús,Palencia,32.3269435,-75.394749,True
442,América,Rumania,La Coruña,-16.492679,-40.025638,False
443,América,El Salvador,Jaén,-72.389707,162.707653,True
444,Asia,Panamá,Cuenca,-6.2693405,153.729679,False
445,Asia,Estados Unidos de América,Sevilla,6.3146085,146.617242,False
446,Asia,Sri Lanka,Jaén,45.189655,-162.404359,False
447,Europa,Swazilandia,Las Palmas,-0.3286615,-95.050576,False
448,Oceanía,Camerún,Navarra,78.475471,16.582186,False
449,Europa,Sudán del Sur,Castellón,34.7310085,-101.478502,False
450,América,Israel,Granada,-50.2090865,-21.998573,False
451,Europa,Irán,Las Palmas,30.4872485,170.779175,False
452,Asia,Paraguay,Ceuta,-85.8259515,-137.435323,False
453,Asia,Singapur,Sevilla,69.178901,-96.123828,False
454,Europa,República Árabe Siria,Málaga,-71.7496755,106.026614,False
455,América,Túnez,Sevilla,-4.7756475,172.665305,True
456,Asia,Madagascar,Granada,-76.125622,71.165827,False
457,Europa,Saint Kitts y Nevis,Teruel,-44.3072445,-173.024309,False
458,Oceanía,Etiopía,Navarra,-74.853378,12.136808,False
459,Oceanía,Santo Tomé y Príncipe,Baleares,-50.2242555,59.385302,False
460,Asia,República Checa,La Rioja,-29.941813,-99.502587,False
461,Asia,Cuba,Girona,-74.985225,66.717577,False
462,Europa,Djibouti,Navarra,-88.9575765,9.134456,False
463,Oceanía,Islas Marshall,Valencia,-0.750233,-7.645294,False
464,Oceanía,Turkmenistán,Barcelona,48.508859,52.075913,False
465,África,India,Las Palmas,-21.1644965,68.745058,False
466,África,Suecia,Valladolid,-77.9800365,159.413065,True
467,África,Vietman,Ciudad,-36.8648235,-35.304272,True
468,África,Ucrania,Huesca,70.964883,21.785195,True
469,Europa,Sierra Leona,Teruel,53.3126865,60.784341,False
470,África,Mali,Castellón,-55.833389,-132.409523,True
471,África,México,Ciudad,-89.712882,118.909317,False
472,África,Mali,Jaén,68.985603,-163.325388,True
473,África,Gabón,Burgos,-57.530886,-25.411487,True
474,Europa,Colombia,Pontevedra,-46.212933,-89.225648,False
475,Europa,Mali,Navarra,52.9920025,22.32782,False
476,América,Burkina Faso,Burgos,37.826081,-75.505831,False
477,África,Ucrania,Palencia,-49.859409,-69.437466,True
478,Oceanía,Japón,León,-51.7062315,84.889555,False
479,Oceanía,Uganda,Córdoba,-56.7142575,-57.61346,False
480,Europa,Francia,Cádiz,-31.7616275,27.435778,False
481,América,Tailandia,Teruel,-43.512236,-45.527868,False
482,Europa,San Marino,Castellón,22.7458875,18.468718,False
483,Asia,Bélgica,Madrid,58.7822865,-144.282055,False
484,Asia,Indonesia,Las Palmas,83.381575,23.767037,True
485,Asia,Gabón,Cantabria,-46.6901365,-166.743931,False
486,Oceanía,Togo,Ourense,-33.8716585,-153.15526,False
487,Asia,México,Castellón,59.181871,-50.91528,False
488,Europa,Santa Lucía,Granada,-19.5638455,114.619198,False
489,Oceanía,Dominicana,Ceuta,-74.5720795,-52.864019,True
490,Oceanía,Arabia Saudita,Zamora,-30.235142,-115.312348,False
491,Europa,Eslovenia,Zaragoza,-9.160244,-25.378971,False
492,Asia,Croacia,Cuenca,24.5104265,-74.860843,False
493,África,República Federal Democrática de Nepal,Burgos,-61.2579935,-66.315656,False
494,Asia,Armenia,Zaragoza,64.1610105,-167.501747,False
495,Asia,Malasia,Barcelona,-16.486529,-111.941776,False
496,América,Bangladesh,Asturias,-0.5032465,-101.75916,False
497,Europa,República Federal Democrática de Nepal,Lugo,76.6419845,61.074439,True
498,América,Bangladesh,Salamanca,11.5628385,-66.840172,False
499,Europa,República Federal Democrática de Nepal,Segovia,-13.025413,57.208045,False
500,Oceanía,Santo Tomé y Príncipe,Baleares,-8.8334645,-110.67628,False
501,Europa,República Dominicana,Álava,-60.738896,1.286293,False
502,Europa,Camerún,Soria,-22.6864495,53.690599,False
503,América,Burundi,Lugo,-46.047752,-169.009177,False
504,África,Bahamas,Ciudad,33.288874,-81.609309,False
505,Asia,San Marino,Lleida,22.127982,171.491458,False
506,Asia,Cuba,Granada,81.547584,150.316269,False
507,Oceanía,Brasil,Cádiz,46.4560395,-83.093548,False
508,América,Túnez,Asturias,-38.4972225,50.926782,False
509,Europa,Islas Marshall,Valencia,-83.809128,-77.118539,True
510,América,Mauritania,Guipúzcoa,-87.0698745,136.989842,True
511,Oceanía,Rwanda,Cantabria,-18.3688425,-22.699721,False
512,Oceanía,Chad,Badajoz,85.869234,-78.845264,False
513,África,Tailandia,Baleares,22.5425055,116.122017,False
514,Europa,Granada,Las Palmas,-9.3046325,82.495035,False
515,América,Kuwait,Málaga,24.680073,-7.241333,True
516,Europa,Sri Lanka,Huesca,4.626733,21.846237,False
517,Oceanía,Estonia,Badajoz,71.4481565,168.987767,True
518,África,Líbano,Navarra,40.7018945,-39.570958,False
519,Oceanía,Belice,La Rioja,38.3877935,-42.923807,False
520,Europa,Bangladesh,León,-34.409304,-93.159916,False
521,Asia,Zimbabwe,Zamora,-89.782428,67.941639,False
522,África,Trinidad y Tabago,Zaragoza,70.6631445,-103.109563,True
523,África,Kazajstán,Murcia,-75.621232,-133.713591,True
524,América,República Popular Democrática de Corea,Las Palmas,86.0359275,102.731709,True
525,África,Barbados,Zaragoza,54.6823275,-156.118627,False
526,África,Somalia,Santa Cruz de Tenerife,13.183363,68.995287,True
527,África,Dinamarca,Cádiz,-12.5097425,142.125423,False
528,Europa,República Democrática del Congo,Huelva,-25.9492005,-153.270323,False
529,Oceanía,Nauru,La Rioja,73.0536845,-28.593203,False
530,Asia,Uganda,Vizcaya,-25.9176485,-168.118453,False
531,Oceanía,Antigua y Barbuda,Las Palmas,-48.2635615,30.742982,False
532,Oceanía,Uzbekistán,Baleares,10.779241,-11.10747,False
533,Asia,Swazilandia,Albacete,-88.159846,-124.472051,False
534,América,Mongolia,Vizcaya,64.280868,162.475757,False
535,África,Trinidad y Tabago,Valencia,49.23469,-169.49494,False
536,África,Japón,Pontevedra,61.771801,123.523546,False
537,Asia,Kazajstán,Guadalajara,-7.626224,-120.209444,False
538,Oceanía,Dominicana,Jaén,-12.6571605,-24.868796,False
539,Europa,Etiopía,Cáceres,80.34816,18.970435,False
540,Oceanía,Qatar,Lleida,-47.7806005,-119.077131,False
541,Oceanía,Santo Tomé y Príncipe,Jaén,-3.403376,-123.194691,False
542,Asia,Papua Nueva Guinea,Badajoz,-17.5070615,-93.448382,False
543,Oceanía,Indonesia,Valladolid,89.5243045,27.821285,True
544,América,Burundi,La Coruña,-44.131961,130.564948,False
545,América,Gabón,Ourense,-39.9087475,118.099462,False
546,Oceanía,Togo,Alicante,-1.243174,153.025676,False
547,África,Belice,Baleares,77.5747865,30.84118,True
548,Europa,Alemania,Badajoz,20.5378785,-128.347882,False
549,Europa,Jamaica,Álava,75.2171825,-35.151482,False
550,Asia,Dinamarca,Cantabria,54.824758,-154.301614,False
551,Oceanía,Camboya,Soria,67.729463,18.958771,False
552,África,Bosnia y Herzegovina,Sevilla,-52.061744,148.370985,False
553,Europa,Singapur,Córdoba,71.8634085,-76.11465,False
554,Europa,Côte d'Ivoire,Almería,-82.4120485,115.648032,True
555,Europa,Alemania,Albacete,46.0647425,-35.147986,False
556,América,India,Almería,32.4182485,51.050983,False
557,Oceanía,Andorra,Baleares,-57.718085,36.107365,False
558,América,Suriname,Segovia,37.051242,39.741589,False
559,Asia,Eslovaquia,Segovia,70.566643,130.431744,False
560,Oceanía,Uruguay,Navarra,-55.66322,126.031592,False
561,África,Bosnia y Herzegovina,Asturias,-31.914755,76.506363,False
562,Asia,Azerbaiyán,Ciudad,-82.2094145,137.52973,False
563,América,Federación de Rusia,Melilla,69.880841,47.082703,False
564,Oceanía,Sudán,Albacete,-32.0318985,-125.435031,False
565,Europa,San Vicente y las Granadinas,Ávila,-45.184652,-122.159695,False
566,Asia,Islandia,Álava,-11.226174,-67.601284,False
567,Europa,Albania,Álava,73.6306585,-41.172855,False
568,Asia,Niger,Alicante,-69.8528455,-42.520427,True
569,Europa,Kenya,Huesca,83.386684,66.069011,False
570,Asia,Nigeria,Alicante,29.610049,-9.960587,False
571,Oceanía,San Marino,Granada,11.338735,12.502281,False
572,África,Túnez,Toledo,89.5160615,-80.376293,False
573,África,Filipinas,La Coruña,-41.6701895,90.700243,False
574,América,Uganda,Sevilla,-48.4120405,-158.320173,True
575,Asia,Azerbaiyán,Huelva,17.2322395,145.170579,False
576,Europa,Sudán del Sur,Guadalajara,-73.860319,-169.595501,False
577,África,Senegal,León,84.0138675,123.407082,True
578,América,Finlandia,Jaén,70.794629,134.667448,True
579,Europa,Botswana,León,43.7262635,-86.452422,False
580,África,Líbano,Huesca,-31.7789355,-70.263472,False
581,América,Vietman,Huelva,50.750651,-165.513485,False
582,Asia,Palau,Huesca,13.4533865,-44.453389,False
583,América,Eslovenia,Tarragona,-0.5321365,-116.833092,False
584,Oceanía,Micronesia,Teruel,88.982143,-100.717835,False
585,África,Sierra Leona,Castellón,11.996672,80.28298,False
586,Oceanía,Togo,Burgos,84.2092395,-14.376394,False
587,África,Federación de Rusia,Guadalajara,30.5882725,-137.751231,False
588,Asia,Suriname,Guipúzcoa,33.8081,100.893655,False
589,Europa,Fiji,Navarra,-38.0788275,31.669843,False
590,África,Chipre,Huelva,30.6673725,34.701669,True
591,Asia,Lituania,Baleares,-62.194589,179.539387,False
592,América,Georgia,Girona,44.2352175,-49.43408,False
593,Asia,Myanmar,Guipúzcoa,88.7608065,-154.988993,True
594,Europa,Bahrein,Vizcaya,-80.338768,-170.900303,False
595,África,Alemania,Baleares,69.843877,-95.801233,False
596,América,Comoras,Valencia,6.9027235,-13.957871,True
597,Asia,Francia,La Rioja,-6.5141045,-35.255986,False
598,Oceanía,Sudáfrica,Cáceres,32.977257,-9.784882,False
599,Asia,Eslovaquia,Tarragona,-81.3391125,-9.942748,False
600,Asia,Micronesia,Murcia,-85.7154,-8.887515,True
601,África,Uruguay,León,51.0399575,-108.923422,False
602,África,Liechtenstein,Zamora,46.2627535,55.170471,False
603,Europa,Arabia Saudita,Ourense,-68.1079805,-114.166845,True
604,Asia,Maldivas,Cuenca,62.753093,-24.987563,True
605,África,Nauru,Palencia,82.2504405,-163.674944,True
606,África,Bahrein,Cantabria,58.870119,-98.889648,True
607,Asia,Nicaragua,Pontevedra,0.512105,126.438627,False
608,Oceanía,Chipre,Lleida,50.827474,113.226239,False
609,Oceanía,Filipinas,Valencia,-34.9871965,-114.056676,False
610,África,Burkina Faso,Castellón,39.2254825,49.010331,False
611,Oceanía,Egipto,Navarra,-61.571016,139.373409,True
612,África,Palau,Girona,-0.480894,149.161921,False
613,Oceanía,Brasil,Ciudad,63.4283305,-122.734383,False
614,Europa,Emiratos Árabes Unidos,Soria,22.986969,-28.060168,False
615,Europa,Sudáfrica,Melilla,-58.476231,83.061151,False
616,África,Eslovenia,Alicante,-79.857786,134.600049,False
617,Oceanía,Chipre,Badajoz,-78.2358705,74.590658,True
618,Europa,Islas Marshall,Lugo,-52.7011485,-91.452497,False
619,Europa,Iraq,Córdoba,-76.1064325,148.613526,False
620,Asia,Mongolia,Cuenca,6.6700025,147.080992,False
621,Asia,Yemen,Las Palmas,-62.820234,143.409758,False
622,Asia,Mozambique,Guipúzcoa,-10.854895,-52.070205,False
623,Europa,Mozambique,Teruel,-26.2555555,127.698825,False
624,Asia,Montenegro,Álava,-22.634406,155.824996,False
625,América,Jordania,Albacete,27.7283535,-158.072771,False
626,Oceanía,Grecia,Burgos,-33.640869,-129.84424,False
627,África,Uzbekistán,Girona,-29.368865,-79.890059,False
628,Oceanía,Timor-Leste,Huesca,44.6253175,93.136825,False
629,Oceanía,Gambia,Salamanca,46.010452,128.067193,False
630,América,Belice,Castellón,-18.941486,-141.150561,False
631,Europa,San Marino,Palencia,78.9212005,-28.10335,False
632,América,Grecia,Madrid,-37.388178,41.183359,False
633,África,Paraguay,Navarra,36.7274695,153.183682,False
634,Europa,Bélgica,Asturias,-56.7235845,-91.579478,False
635,América,Túnez,Sevilla,6.478218,87.682148,False
636,Europa,Georgia,Ávila,37.94508,171.647776,False
637,Oceanía,Kenya,Murcia,57.9806035,69.23244,False
638,África,Etiopía,Murcia,-82.6814535,-174.027977,False
639,Europa,Letonia,Navarra,20.288766,144.559093,False
640,Oceanía,Nueva Zelandia,Las Palmas,-82.19276,-64.415608,True
641,Oceanía,Kiribati,Jaén,58.4628855,-88.03509,False
642,América,Federación de Rusia,Las Palmas,27.565001,179.719964,False
643,Asia,Nauru,Melilla,82.24961,177.962983,True
644,América,Santa Lucía,Córdoba,-48.8630565,-142.429987,True
645,África,Azerbaiyán,Valencia,-89.326404,-160.133097,False
646,Asia,Ucrania,Cuenca,-86.6770045,-23.120886,True
647,América,Suriname,Castellón,43.189861,-0.85811,False
648,Asia,México,Navarra,-34.5001205,-117.165176,False
649,Europa,Estonia,Soria,20.2901485,120.940067,False
650,Europa,Panamá,Soria,31.1152185,111.315475,False
651,América,Cuba,Sevilla,59.051868,-107.109856,False
652,América,San Vicente y las Granadinas,Madrid,-45.2059445,-147.339777,True
653,África,Japón,Soria,48.80165,-28.022564,False
654,América,Perú,Segovia,76.771996,70.230066,True
655,Asia,Comoras,Teruel,-25.272569,-70.980334,False
656,Asia,Armenia,Asturias,72.950599,-168.494341,True
657,África,China,Zamora,-74.4796435,23.549725,True
658,América,Uzbekistán,Castellón,89.9191165,-95.232626,True
659,Europa,México,Melilla,-79.9773,174.886363,False
660,Europa,Honduras,Granada,85.508808,-10.829525,False
661,Europa,Argentina,Toledo,16.5573875,-153.901781,False
662,Oceanía,Uganda,La Coruña,-23.2193635,82.914508,False
663,Europa,Sudáfrica,Huesca,-31.841737,-17.809284,False
664,América,Burkina Faso,Córdoba,-28.5336685,149.62601,True
665,Europa,Omán,Cuenca,-10.4283185,-69.734961,False
666,América,Kirguistán,Madrid,-15.171025,98.08843,False
667,África,Sierra Leona,Baleares,17.422747,-99.932428,True
668,Oceanía,Brasil,Burgos,-82.0149675,-38.301645,False
669,Oceanía,España,Albacete,46.388101,152.080772,False
670,África,Chipre,Cáceres,8.848427,6.428622,True
671,Asia,Nauru,Sevilla,58.785461,-121.96213,False
672,África,Canadá,León,67.3136025,-80.323074,False
673,América,Congo,Soria,51.260312,-145.119876,False
674,Europa,Djibouti,Ciudad,-72.8953495,22.39742,False
675,Oceanía,Granada,Barcelona,69.485311,158.807468,True
676,África,Suriname,Murcia,-23.8729945,-174.679122,True
677,América,Ecuador,Valencia,11.160361,6.610349,True
678,América,Bosnia y Herzegovina,Melilla,-30.8374595,-22.847487,False
679,África,Gambia,Baleares,47.183714,157.852652,False
680,Asia,Comoras,Murcia,27.569822,-169.914272,False
681,Europa,Croacia,Málaga,16.3920415,-66.721961,False
682,Asia,Liberia,Toledo,41.680015,-160.18089,False
683,África,Arabia Saudita,Asturias,-54.941519,-10.75067,False
684,Europa,Nicaragua,Cáceres,-12.741648,74.929292,False
685,Europa,Marruecos,Toledo,41.9780555,-103.499608,False
686,Asia,España,Badajoz,-42.0875255,27.206053,False
687,América,Mali,La Rioja,-38.0264915,-98.209192,False
688,América,Myanmar,León,-41.038391,120.517811,False
689,África,Islandia,Valencia,-53.009708,56.760349,False
690,América,Antigua y Barbuda,Valladolid,-45.905049,-98.185288,True
691,Oceanía,Suiza,Lleida,-67.057272,-30.251805,False
692,Oceanía,Malasia,Teruel,76.433858,111.380633,False
693,África,Bolivia,Lleida,-78.1128685,82.430364,False
694,Oceanía,Uruguay,Cáceres,9.933315,-84.904331,False
695,Oceanía,Mongolia,Asturias,-88.2412075,167.596687,False
696,Oceanía,República Centroafricana,Santa Cruz de Tenerife,-82.7169575,-101.266141,False
697,Europa,Argentina,Tarragona,86.2937665,-148.120155,True
698,Asia,Japón,Guadalajara,46.9583375,58.556893,False
699,Europa,Perú,La Rioja,-87.442179,18.93642,True
700,Europa,Arabia Saudita,Valencia,80.5983125,-105.243458,False
701,África,Montenegro,Álava,1.3541985,-139.68626,False
702,África,Guinea,Almería,49.089289,-5.113283,False
703,África,Niger,Murcia,-72.67511,-118.176115,True
704,Europa,Cabo Verde,Ceuta,-34.1764425,-147.938955,False
705,América,Honduras,Tarragona,52.6913765,53.005144,False
706,África,Costa Rica,Albacete,-80.9491585,-119.478411,True
707,América,Bulgaria,Ourense,14.5096735,-33.202545,True
708,Oceanía,Maldivas,Salamanca,-66.439314,-9.110776,False
709,América,San Marino,Sevilla,79.182108,37.249632,True
710,Oceanía,Cuba,Cantabria,73.111619,131.587012,False
711,África,Palau,Segovia,83.7222705,115.709879,True
712,América,Bosnia y Herzegovina,Zamora,-46.66219,61.726227,True
713,Europa,Angola,Palencia,36.1685715,152.023915,False
714,América,Sierra Leona,Albacete,-42.199345,-18.074409,True
715,América,Kirguistán,Ourense,28.9343255,-125.212119,False
716,Europa,Turkmenistán,Murcia,-88.67066,-16.924329,False
717,África,Venezuela,Navarra,39.9975365,-112.044808,True
718,África,Islandia,Burgos,12.1067,-54.55985,False
719,Asia,Austria,Valladolid,14.4651835,-158.92017,False
720,África,Venezuela,Cáceres,-59.437169,-150.650381,False
721,Asia,Austria,Asturias,-75.637275,166.094161,False
722,Asia,Reino Unido de Gran Bretaña e Irlanda del Norte,Huelva,75.5484495,-30.97388,False
723,Europa,Panamá,Zaragoza,39.8179545,-91.571253,False
724,Asia,Marruecos,Málaga,88.903249,127.89326,True
725,Oceanía,Ghana,Jaén,0.058421,-17.328044,False
726,África,Albania,Santa Cruz de Tenerife,80.353601,-14.888814,True
727,Asia,Italia,Las Palmas,-48.915644,82.549304,False
728,África,Jordania,Salamanca,23.9519615,-43.211026,False
729,Oceanía,Haití,Zamora,-12.3996225,-136.336265,False
730,Oceanía,Lituania,Cantabria,-3.4017415,124.643488,False
731,Asia,Afganistán,Navarra,-45.2788505,52.470518,False
732,Asia,Israel,Córdoba,83.608094,-129.816629,True
733,América,Montenegro,Baleares,-2.6342105,-36.402396,True
734,América,Palau,Navarra,-81.715001,-133.804961,False
735,Europa,Myanmar,Soria,-20.3449545,-101.521628,False
736,Europa,Costa Rica,León,29.44572,-31.608464,False
737,América,Malasia,Ourense,-59.857599,-113.851778,True
738,Europa,Trinidad y Tabago,Málaga,-24.561166,62.767361,False
739,África,Madagascar,Granada,85.748561,-112.566146,True
740,Oceanía,Emiratos Árabes Unidos,Cádiz,39.2361545,50.010954,False
741,Oceanía,Guinea,Valladolid,61.3643865,-28.535898,False
742,América,Sri Lanka,Zamora,1.490632,-170.73629,False
743,América,Alemania,Guipúzcoa,-42.960768,-82.318871,False
744,Oceanía,Armenia,Tarragona,-61.702562,86.402055,False
745,África,Guyana,La Coruña,-78.5497585,-70.356708,False
746,América,Marruecos,Lugo,12.0220225,140.957016,True
747,Asia,Seychelles,Zaragoza,-16.8935525,18.770153,False
748,Asia,Israel,Málaga,61.993207,65.40163,False
749,Oceanía,Francia,Pontevedra,4.590821,92.643332,False
750,Oceanía,Nueva Zelandia,Soria,1.584448,-4.481662,False
751,América,Togo,Cantabria,0.1639885,-114.412392,True
752,Europa,Chad,Segovia,-79.451205,129.976606,False
753,Europa,Papua Nueva Guinea,Alicante,-18.933704,-139.307278,False
754,Asia,Nicaragua,Córdoba,14.159911,-46.788131,False
755,Oceanía,Países Bajos,Cáceres,-77.5557155,-78.942295,False
756,Asia,Mónaco,Ávila,-17.214203,-160.39613,False
757,América,República de Macedonia del Norte,Palencia,57.000458,-122.132488,False
758,África,Brunei Darussalam,Guadalajara,56.3678745,95.889976,False
759,Europa,Barbados,Barcelona,-50.465586,-106.561472,False
760,Asia,Venezuela,Sevilla,-79.843174,118.148903,False
761,América,Djibouti,Málaga,-73.8536655,-12.956695,True
762,África,Israel,Salamanca,-25.391015,-8.356139,True
763,Oceanía,Malawi,Lleida,-34.2445135,-29.15749,False
764,América,Islas Marshall,Teruel,59.9849675,86.025926,False
765,América,Montenegro,Vizcaya,46.598914,-31.003537,False
766,América,Bhután,Cádiz,31.391497,53.695852,False
767,Asia,Argelia,Guipúzcoa,77.92116,141.679315,True
768,Asia,Malta,Ourense,-74.7040395,-137.985315,False
769,Asia,Turquía,Burgos,33.7306635,-154.143943,False
770,América,Dinamarca,Lugo,-48.48044,169.80682,False
771,África,Luxemburgo,Zamora,18.2558265,-82.230004,True
772,África,Panamá,Álava,62.2732925,-137.484484,True
773,Asia,Kirguistán,Badajoz,16.6585815,-43.566037,False
774,Europa,Nigeria,Santa Cruz de Tenerife,-24.8059985,80.383743,False
775,América,Mongolia,Las Palmas,78.805561,-73.706093,True
776,Asia,Emiratos Árabes Unidos,La Rioja,-88.026612,110.936833,False
777,Europa,Jordania,Soria,-4.853978,-144.695069,False
778,Europa,Turquía,Ceuta,9.62251,24.126867,False
779,África,Nigeria,Teruel,-34.1758345,167.99843,True
780,Europa,Papua Nueva Guinea,Burgos,17.80849,37.884818,False
781,Europa,Mónaco,Ceuta,-59.9162645,131.57357,False
782,Oceanía,Sudáfrica,Ávila,-76.761151,117.983711,False
783,África,Belarús,Granada,-57.9979665,21.59546,False
784,América,Rumania,Vizcaya,-57.006735,29.699123,False
785,Europa,Côte d'Ivoire,Albacete,41.276365,-132.652017,False
786,Europa,Etiopía,Las Palmas,-83.777874,-68.939774,False
787,África,Suriname,Baleares,66.4098855,46.891203,False
788,África,Azerbaiyán,Cuenca,12.146406,-101.177869,False
789,Europa,Eritrea,Badajoz,89.0508755,108.825514,False
790,África,Brasil,Murcia,-53.2218485,50.461021,True
791,África,Japón,Ceuta,-35.0138695,147.100477,False
792,África,Botswana,Málaga,-85.953325,13.096509,True
793,África,Omán,Guadalajara,-83.112844,13.015369,True
794,África,Uruguay,Lugo,41.416907,-55.535397,False
795,América,Niger,Melilla,22.9844825,99.046348,True
796,África,Mónaco,Ávila,58.632737,104.20186,False
797,Asia,Albania,Girona,86.263943,56.654988,False
798,Oceanía,Australia,Madrid,46.7212635,-109.669007,False
799,Asia,Iraq,Las Palmas,44.0798625,21.562714,False
800,Europa,Serbia,Badajoz,57.1220885,21.670568,False
